cpu_utilization,memory_usage,disk_io,network_latency,process_count,thread_count,context_switches,cache_miss_rate,temperature,uptime,power_consumption
42.09,13.85,54.09,9.88,96,417,3296,14.89,43.94,12267.07,306.64
93.91,91.39,131.3,14.42,251,2500,11223,28.12,66.7,1.38,373.24
6.99,34.51,21.54,23.4,49,433,1981,9.77,35.18,4.74,221.34
8.77,29.24,23.39,7.72,70,328,1520,8.67,33.35,7.33,192.91
8.83,27.58,41.15,28.68,70,856,2486,9.04,38.9,4632.4,222.77
61.19,24.85,85.22,29.53,212,1188,6062,17.41,47.91,2882.36,308.51
6.18,6.63,20.0,47.2,20,130,1000,13.98,32.44,2711.64,190.48
97.6,86.86,116.54,21.28,286,1957,9083,27.63,64.33,13736.13,421.3
51.28,44.62,67.41,9.76,118,911,4648,16.48,46.9,1674.3,290.27
88.21,87.93,125.17,16.71,244,1177,7430,31.04,66.85,17.12,399.61
5.02,20.97,30.3,39.85,66,612,2163,8.52,30.4,368.43,199.13
39.36,39.09,50.22,12.32,108,398,2227,14.79,41.71,701.38,281.35
50.04,29.29,56.2,21.66,135,767,3700,25.51,50.24,10.15,282.31
10.39,13.7,48.33,23.07,81,464,1404,8.43,33.26,2.89,201.44
49.69,59.15,64.41,14.0,136,1556,6775,21.57,53.89,30.54,245.52
98.18,67.24,136.41,11.68,220,770,6358,27.04,66.22,26.35,393.39
19.49,33.03,45.52,30.61,108,661,2431,12.01,36.09,1.26,209.69
89.5,77.43,106.1,9.6,238,2267,9439,31.44,66.5,1436.05,355.22
90.21,57.72,97.71,5.3,207,2196,9826,29.28,64.34,1047.92,340.24
90.43,56.58,99.11,11.06,224,1416,8497,26.11,61.94,2671.34,344.12
89.04,63.83,138.4,27.67,247,812,6137,29.73,66.05,6009.25,343.8
10.02,5.0,20.17,38.15,37,399,2313,13.82,36.91,1.99,267.77
45.07,24.73,52.76,18.88,105,920,4213,13.95,43.51,2422.18,284.89
12.33,11.88,39.96,12.49,20,103,1000,8.72,33.36,4.83,152.87
56.05,37.24,81.76,15.39,131,1533,6295,22.29,51.2,1168.32,233.75
79.04,73.73,100.94,18.39,211,2016,9054,26.01,62.6,2.22,387.69
93.75,90.18,122.16,19.88,258,2500,11485,35.0,55.29,2.63,395.17
45.03,26.18,52.51,14.63,118,1471,5591,20.2,43.46,307.2,292.7
97.01,25.35,35.53,14.74,121,633,3009,13.98,44.83,25.77,340.29
42.91,37.59,52.65,13.39,107,764,3979,18.44,45.21,15.76,254.53
42.27,44.48,57.33,24.04,106,647,3690,20.78,42.14,1050.55,314.63
79.21,56.04,87.0,17.59,217,642,4459,23.14,57.73,7.49,352.2
8.08,8.15,38.47,25.11,49,160,1000,11.91,30.0,1.66,195.05
96.61,66.51,110.46,5.25,191,719,5926,25.46,67.72,1050.68,407.26
10.38,31.21,27.23,13.12,45,321,2721,12.81,30.0,1.54,185.93
98.4,19.99,22.06,27.01,57,225,1000,9.65,43.15,3432.4,293.95
5.0,15.62,20.0,5.33,30,117,1000,17.14,32.33,8202.23,179.04
54.96,57.11,75.9,49.86,199,675,5006,19.01,46.39,779.1,226.46
48.31,48.69,101.6,16.44,149,888,5919,16.47,48.43,3.63,263.93
93.39,61.06,99.99,24.86,229,755,6587,24.33,66.78,4483.66,349.71
87.05,57.71,120.64,44.9,199,2214,9801,24.54,64.15,834.37,302.45
45.49,46.23,55.38,8.4,114,874,3461,17.44,48.41,192.38,237.97
7.0,5.0,20.0,39.39,62,185,1000,8.07,31.28,339.45,189.28
88.39,73.98,139.37,35.72,209,1878,9066,29.85,58.86,869.97,351.73
48.2,67.82,66.14,21.32,114,1235,4705,20.48,43.69,1041.17,266.33
12.04,46.79,31.66,14.73,55,371,1378,14.29,35.75,5216.74,221.38
12.2,29.31,23.15,21.4,23,100,1000,10.37,36.03,2.41,246.69
5.67,16.73,25.29,7.66,50,211,1631,7.8,32.15,48.32,193.65
48.67,34.05,57.15,37.46,148,1081,5302,29.73,54.5,3807.38,258.99
8.81,33.5,25.15,12.25,79,896,3331,9.52,34.22,530.43,184.99
7.44,5.0,20.0,12.01,80,706,1648,7.1,34.04,1652.1,193.85
5.0,28.37,48.94,15.83,20,100,1000,11.29,31.48,40.65,260.98
85.63,79.53,115.86,28.59,189,1336,7744,24.88,59.66,4315.65,363.3
56.22,74.64,87.49,66.79,136,1180,6106,25.64,55.29,9.16,337.62
90.09,53.65,105.61,25.33,209,886,5713,24.75,68.0,49.43,351.43
48.22,30.98,56.25,30.32,115,1167,6148,21.1,45.22,1017.97,264.45
7.09,5.0,27.91,19.52,47,402,1859,11.08,31.92,5513.94,158.94
78.76,84.68,99.02,16.0,172,1222,8134,26.24,55.25,12.48,288.48
98.68,57.26,102.27,14.86,223,2345,11372,27.25,65.74,540.93,365.91
5.0,34.65,41.98,13.82,78,867,2864,11.26,32.49,5920.41,211.7
55.79,66.37,99.5,10.82,166,1621,6482,25.21,52.27,1728.3,235.76
5.59,10.15,38.12,9.91,27,229,1889,10.55,30.97,2.78,183.17
78.23,78.61,118.76,38.28,217,2309,9137,35.0,61.71,1.04,339.34
8.98,28.69,29.69,10.4,70,457,1584,8.78,30.55,124.69,175.63
8.71,26.38,21.34,11.35,65,378,1349,9.32,30.0,247.99,192.2
55.43,63.18,85.45,10.14,164,1023,4567,24.26,44.6,1191.9,330.28
49.65,59.71,88.16,16.24,109,972,4110,19.82,42.08,9.14,246.6
78.97,95.0,102.79,16.19,212,1764,7664,25.82,56.3,1.78,362.17
38.78,14.47,57.17,20.75,83,859,4592,12.53,44.38,10.7,266.24
7.4,32.1,27.28,5.0,61,349,1331,9.53,36.24,67.88,170.71
86.82,66.23,111.86,32.02,228,1505,7945,24.03,67.7,4548.72,332.64
77.64,62.94,96.69,15.04,247,2498,10247,25.26,57.42,1399.48,330.11
93.45,54.19,97.18,26.51,241,1381,8041,23.64,62.51,1.59,357.34
55.9,35.87,71.42,11.32,166,644,4564,22.75,49.94,1478.99,272.66
48.86,59.18,69.89,38.6,146,1383,6461,17.28,48.16,2.09,186.48
11.49,43.0,49.64,10.62,69,752,2757,17.81,35.44,29.8,267.69
59.85,65.19,89.12,60.77,135,1263,6541,20.97,54.14,3.03,256.73
24.34,14.07,29.0,13.55,106,664,2742,9.96,39.15,28.03,224.07
5.0,68.28,49.63,26.56,39,398,1730,11.95,35.79,12.83,190.77
51.72,68.71,80.68,10.7,164,661,3108,22.53,43.35,58.78,263.67
45.36,42.42,64.59,11.01,111,756,3795,18.99,44.68,11.64,315.85
86.71,44.98,107.73,7.71,216,1148,7769,23.82,60.25,5.83,297.69
85.65,52.47,111.27,9.09,240,888,5674,31.03,56.68,133.79,248.12
46.2,45.6,62.26,65.81,149,1346,6414,22.74,50.92,14.0,238.33
48.28,36.26,94.47,9.21,162,1000,4000,16.37,51.34,82.56,258.18
75.22,61.95,106.28,23.74,207,761,4824,21.49,53.4,4.16,317.9
11.65,5.0,20.0,22.34,45,202,1000,10.21,36.89,5365.52,160.07
6.99,47.66,70.81,19.8,46,279,1030,10.99,34.7,714.5,220.23
83.53,72.53,110.68,51.51,224,1479,7359,28.07,60.27,48.2,297.26
51.72,37.32,61.9,13.44,114,854,5034,16.16,52.21,16.51,281.11
89.84,44.25,121.66,18.69,202,1191,6187,24.62,65.51,7424.58,323.15
16.92,41.43,35.32,21.54,51,815,3145,13.52,38.37,47.39,203.82
49.6,56.96,89.78,18.16,150,933,4560,22.91,45.72,42.76,296.62
47.96,15.28,51.19,24.68,143,1435,6580,14.39,50.96,1.91,264.43
53.55,40.94,80.35,18.24,163,1115,5843,21.34,47.82,160.12,271.27
19.09,29.77,40.52,5.0,81,329,1865,11.05,33.37,1645.17,254.86
44.9,44.23,56.03,26.03,145,1584,6583,15.7,50.86,3.1,271.75
58.71,67.86,98.99,12.79,185,1816,7983,26.93,52.09,52.07,321.47
96.99,39.19,121.49,23.01,215,1568,9274,22.85,68.31,3490.2,344.87
6.37,52.21,61.29,5.82,44,325,1000,12.34,38.16,332.2,191.15
46.14,47.75,59.39,9.98,101,397,3589,17.93,41.08,143.91,271.22
7.02,13.63,25.93,26.09,58,610,2065,10.32,37.56,88.74,170.22
5.0,6.98,48.53,9.4,47,620,2222,8.84,31.36,207.05,176.08
38.53,38.99,61.54,18.04,106,295,2291,14.02,40.22,2.62,254.03
46.41,63.92,66.92,20.68,146,1454,6167,17.3,44.68,1083.65,228.39
21.55,46.07,51.56,24.52,79,766,3497,13.86,39.89,1650.6,175.66
5.82,9.29,66.48,95.65,42,366,1000,8.72,30.0,466.61,223.26
6.65,31.55,80.13,14.58,72,341,1601,9.36,30.0,2.08,197.15
90.85,74.92,110.04,44.2,277,905,6271,26.24,65.08,2.08,296.79
19.04,30.4,27.72,19.81,63,544,2794,13.46,30.5,1.24,233.12
47.06,38.67,63.84,27.64,118,1266,5830,17.77,46.66,9.22,272.51
68.68,59.4,140.28,17.25,238,864,6764,23.39,86.46,2609.93,333.98
43.73,55.96,67.59,15.61,112,438,2934,17.27,43.56,58.54,230.7
18.06,18.67,29.91,44.59,93,1143,4293,9.61,37.49,1.56,166.2
9.23,34.29,23.1,12.15,43,453,1898,9.38,33.01,7.75,183.6
55.35,65.92,81.88,25.16,168,747,4309,18.76,55.15,338.54,245.47
84.75,53.43,91.24,36.84,239,1432,7131,22.44,58.69,603.08,310.43
84.81,79.56,102.05,11.43,238,717,5793,26.03,56.92,1.68,373.45
56.35,56.37,75.14,7.25,164,521,4166,18.09,50.7,483.28,295.04
10.86,22.33,45.5,22.33,20,100,1000,9.54,43.5,55.11,183.65
71.39,36.89,110.32,27.39,208,770,5197,20.86,53.25,1.18,300.94
44.54,70.19,65.85,20.06,93,654,3684,20.66,52.4,8.99,279.65
90.84,52.82,95.21,17.41,203,987,6426,23.83,66.85,2.07,348.83
13.65,10.01,23.18,16.72,87,1005,3115,9.56,32.67,25.83,175.47
9.13,16.17,20.0,16.44,81,911,3891,8.39,30.49,1.38,163.78
45.69,39.5,58.04,68.22,159,2018,8336,16.71,51.53,12681.9,299.44
89.53,59.46,113.68,15.05,182,807,6076,27.89,57.72,3741.2,318.61
14.75,6.45,35.78,18.89,30,100,1000,13.86,35.52,6031.45,228.31
50.52,31.13,97.78,26.02,140,947,4109,15.23,50.64,13.09,260.97
71.03,57.98,94.48,19.25,188,1847,8277,22.79,58.41,829.78,285.55
45.95,39.19,61.55,13.01,149,1782,6807,16.81,51.3,126.92,249.01
6.35,32.68,29.69,50.75,29,287,1228,23.13,33.33,145.3,175.55
24.17,26.91,41.02,30.93,43,355,1842,11.77,38.77,29.38,173.43
6.26,33.91,88.03,18.66,67,432,1000,10.09,31.04,80.05,224.75
9.55,19.44,24.11,8.84,34,290,1848,8.37,35.42,259.73,150.0
45.43,69.72,89.86,31.05,151,816,3702,19.14,42.93,4260.15,285.32
56.48,70.97,94.57,18.07,141,842,4763,21.87,53.81,1795.13,293.17
50.66,50.71,64.12,5.0,99,935,4466,17.6,49.98,3.43,274.35
91.71,40.66,122.72,11.02,238,2079,9911,22.26,61.18,162.63,338.08
80.27,58.86,104.26,11.22,196,2330,9393,21.94,60.73,7.84,344.47
80.61,28.3,81.24,5.96,195,892,5026,20.59,61.21,2304.54,384.91
11.05,5.0,52.55,11.42,81,834,3204,7.73,33.69,8919.71,189.45
72.49,71.37,91.92,14.46,188,1705,7807,22.99,50.25,216.17,337.45
83.7,95.06,115.34,20.42,206,1153,6821,32.94,59.04,687.66,407.15
7.86,23.57,50.12,13.6,23,203,1478,8.67,33.13,299.82,191.4
56.33,46.36,70.65,14.4,125,1288,6643,18.39,53.94,2214.57,237.46
51.91,39.75,69.39,76.4,113,904,5012,17.43,51.28,634.23,295.73
82.22,71.97,113.7,22.45,198,987,6879,30.47,58.43,171.06,314.48
13.52,5.0,20.0,27.63,29,221,1000,10.81,36.14,16.49,162.5
6.63,24.67,30.93,30.46,58,620,2246,15.69,34.06,14881.53,244.77
91.87,67.9,107.97,15.48,241,953,6734,26.94,66.62,10106.02,339.28
70.0,65.18,111.93,17.83,198,2135,9064,23.28,52.83,3.56,319.29
90.32,78.24,124.8,19.05,280,1573,7469,28.66,62.77,28.54,353.58
21.45,26.27,30.4,15.12,130,898,3357,12.99,40.04,823.86,200.13
13.72,16.29,36.8,7.33,103,579,2020,13.86,38.25,5.07,218.32
88.67,61.65,126.3,17.52,271,2500,10821,23.25,63.75,300.81,283.97
45.42,53.27,66.72,13.4,120,1164,5750,16.94,44.28,19.33,275.63
92.19,80.7,123.01,19.27,208,1202,7506,33.14,60.79,39.62,279.78
90.24,77.07,195.06,42.52,209,1915,9370,25.69,65.74,1.01,341.21
75.14,52.7,82.91,12.1,229,1576,8411,23.5,59.25,5067.8,325.68
57.31,68.21,74.64,23.38,162,1340,6497,19.6,52.74,221.07,283.1
52.23,28.35,59.43,9.09,151,1294,5932,16.22,51.69,4040.5,298.1
98.81,40.01,102.29,21.35,134,542,2874,16.78,57.69,437.46,324.48
93.63,75.61,113.57,8.26,290,2088,9105,25.37,65.48,7305.21,396.02
56.68,30.96,67.21,7.48,131,930,4878,17.5,51.78,7.97,247.47
5.0,12.26,60.7,8.59,37,401,1120,8.09,31.57,71.54,187.37
11.0,32.91,57.4,12.88,33,104,1000,15.82,40.51,63.85,189.03
11.13,5.0,22.52,20.48,20,118,1000,9.67,34.8,1.13,187.76
94.33,50.83,101.43,19.0,272,2500,11743,26.15,71.19,2.1,340.71
87.91,41.44,97.37,8.45,225,2500,11309,26.11,60.52,14881.75,376.53
11.68,28.41,28.48,16.69,55,806,2669,11.67,36.95,3.93,191.48
63.19,57.27,83.51,12.81,172,538,4591,25.98,51.02,23.76,285.48
43.05,65.54,61.51,7.85,124,1150,5324,21.92,52.55,74.15,217.94
47.19,40.63,54.28,17.66,133,835,4129,17.1,47.47,159.8,285.54
50.39,40.8,95.96,16.91,167,1036,5039,19.16,45.73,1.14,280.51
96.69,71.03,107.52,38.81,267,1934,9185,29.97,61.48,3990.69,389.25
92.63,96.44,102.02,6.94,253,1851,8592,35.0,64.2,10.97,408.22
5.0,23.83,20.0,10.62,54,582,2233,13.45,30.0,6103.59,220.76
77.85,70.94,113.61,13.2,193,651,6011,23.34,58.54,18.83,294.06
41.24,42.68,58.51,17.58,142,1108,5285,17.41,49.16,1.44,241.58
14.71,33.45,29.63,16.41,60,474,2057,10.0,37.4,3553.38,169.81
39.89,26.77,58.56,18.69,106,1090,4643,17.91,48.07,2625.75,296.3
58.51,37.04,66.8,9.88,150,1195,5205,19.87,54.04,21.26,284.68
8.95,17.17,25.61,7.54,56,429,2097,8.35,35.17,39.63,197.17
91.87,64.0,120.55,38.6,236,2469,10661,26.8,66.7,228.01,290.13
26.09,47.44,53.4,6.19,76,269,1607,22.22,38.8,14.86,240.7
90.74,39.38,123.12,8.58,190,995,5907,22.86,62.25,2284.83,361.33
6.38,34.51,53.75,17.37,21,233,1539,19.63,37.2,2236.32,242.07
90.63,70.77,121.17,9.31,217,2418,10789,24.61,69.86,5825.08,408.52
89.06,76.1,112.86,26.87,210,1769,8640,24.53,62.23,26.27,382.59
49.21,19.4,76.96,23.02,164,625,3683,15.57,45.11,341.56,244.44
5.0,35.69,41.76,57.46,49,260,1531,12.61,30.0,595.34,170.74
11.18,5.0,20.0,9.45,38,221,1847,8.45,30.77,4.0,189.49
86.67,71.14,117.55,18.67,219,1286,7426,24.06,65.08,1.02,344.95
98.01,77.88,117.17,18.99,253,1080,7732,30.78,81.48,57.34,379.8
83.95,70.82,101.91,25.08,249,2392,9654,25.43,62.88,1.11,325.32
14.4,16.8,27.51,11.57,86,562,1685,25.57,36.32,6030.77,232.12
5.38,29.48,22.72,9.4,29,175,1000,8.79,37.64,20.79,179.37
52.79,22.28,54.79,46.99,146,856,4812,15.78,49.87,143.23,289.36
85.48,73.8,102.13,11.76,251,2086,9142,23.83,62.29,2.58,379.29
68.54,66.28,99.2,17.11,190,804,6766,29.66,83.8,6008.96,327.52
10.51,19.09,145.11,20.39,51,491,2038,11.11,30.0,872.72,177.66
93.74,67.81,110.14,12.13,267,2500,11347,28.69,64.54,101.37,377.6
42.08,62.2,67.03,8.08,178,1779,7420,16.93,44.94,4012.85,249.37
7.74,9.34,20.5,20.88,20,177,1000,6.92,31.05,186.25,168.71
16.04,29.26,30.52,15.55,69,321,1481,9.82,42.8,6621.39,200.35
89.58,70.19,108.94,16.66,237,1352,7705,30.95,57.94,2559.09,329.05
57.86,48.34,75.81,11.4,134,1725,6958,17.96,50.25,5092.28,301.72
93.08,85.98,109.01,5.0,247,2215,10385,30.71,58.33,780.43,425.58
83.16,91.89,103.98,19.81,224,1502,7868,25.48,59.21,4.97,359.63
7.94,38.04,55.05,14.49,59,262,1578,14.99,30.76,261.24,242.97
38.25,41.77,72.74,8.21,102,1307,5668,16.6,42.74,712.34,231.75
22.49,73.1,50.19,10.99,84,918,3358,15.3,35.62,1.13,202.54
86.81,64.19,135.52,14.74,226,2003,8949,33.69,63.82,116.38,357.54
82.9,85.36,121.66,12.72,214,1831,8707,27.47,58.75,1902.26,295.5
44.67,23.7,51.63,16.05,139,839,4953,16.05,42.27,15.62,226.12
86.83,65.93,126.95,10.63,246,2500,10076,25.09,54.4,38.19,316.21
91.95,53.14,98.29,39.25,224,602,5788,25.8,63.98,10286.39,392.01
34.94,31.17,56.04,62.33,78,697,3478,21.77,39.74,2506.68,259.68
60.52,29.79,69.05,22.57,128,742,4290,27.77,54.54,310.57,263.78
18.81,31.04,73.09,8.99,101,1228,3477,13.48,35.12,3.47,236.7
79.35,58.7,110.38,7.09,181,929,5313,26.51,62.35,19.92,299.65
93.04,74.84,108.77,12.65,271,1366,7589,26.27,65.91,6933.21,392.49
90.07,74.09,129.02,38.13,236,985,5632,26.92,66.81,9.29,353.86
47.46,24.2,48.72,7.17,130,1026,5544,16.99,49.66,2.58,275.37
10.6,33.48,24.87,38.26,84,809,3172,10.33,36.81,14360.14,229.11
44.0,45.61,97.28,27.75,125,583,4457,16.14,41.56,2134.76,269.63
20.4,16.31,30.36,7.55,107,287,1000,13.26,38.18,150.9,219.12
53.71,47.37,77.92,15.65,181,1490,7011,17.76,51.64,7.0,251.98
95.27,62.29,161.87,11.16,222,2454,11163,26.62,60.32,3.04,298.6
61.16,53.08,75.82,5.23,135,1641,6845,24.7,54.49,9737.47,289.51
13.14,42.85,37.02,11.03,43,172,1000,12.51,36.02,418.84,234.97
44.65,31.88,61.07,34.34,102,549,3369,17.64,44.97,4.07,216.91
43.88,48.0,86.0,33.01,154,1363,6304,18.41,44.28,223.35,237.15
18.2,29.14,30.54,7.19,114,199,1227,13.44,35.91,1.0,222.93
48.33,28.87,85.18,19.02,149,807,4739,14.95,48.82,276.32,275.12
11.76,27.43,21.06,15.08,70,433,1233,15.53,34.41,217.54,190.29
46.13,43.08,61.67,13.25,111,616,4744,16.74,43.6,167.42,253.53
49.18,53.79,67.47,11.09,140,1241,6634,20.06,47.87,10.4,275.79
21.87,45.83,52.64,24.72,78,585,2342,12.43,38.53,3.24,214.87
42.87,51.63,88.98,11.3,147,762,4745,18.25,89.42,3359.28,256.81
90.53,60.61,112.55,20.44,192,860,6704,25.4,64.27,3.94,332.09
48.98,37.16,70.85,15.34,130,809,4083,15.41,48.4,38.62,264.27
12.47,19.0,20.0,19.62,68,705,2512,9.16,31.93,1.19,214.33
83.34,64.07,99.46,19.35,189,1853,8918,24.25,64.24,273.46,335.26
54.6,58.17,72.44,16.73,86,542,3441,18.69,50.16,48.43,296.52
53.83,46.39,67.73,43.75,118,859,4734,19.92,52.95,12.03,311.78
54.78,49.51,75.37,9.34,167,2009,8843,18.76,49.55,1612.71,334.68
48.88,62.69,64.93,52.95,137,1362,5939,18.07,40.44,1.37,292.04
92.03,64.85,161.15,32.39,202,2130,9539,24.26,67.11,2479.11,316.14
20.57,22.34,37.43,14.39,44,537,2087,13.01,37.44,269.07,220.47
12.17,36.29,36.35,18.75,69,684,2130,14.05,30.86,8.99,253.03
16.41,33.15,66.23,12.8,20,100,1387,11.01,40.24,74.74,205.98
50.03,54.45,65.73,16.21,95,858,4758,21.62,45.91,329.8,300.7
62.12,56.48,100.06,50.38,147,1828,6938,19.96,63.02,4687.25,288.25
92.5,75.25,121.32,12.47,200,1049,6673,26.81,57.5,14879.66,352.82
17.83,6.62,24.13,15.0,65,489,1808,21.47,36.05,71.89,224.48
5.09,40.96,25.1,5.66,35,100,1000,19.54,37.21,2.29,249.03
83.15,42.07,110.99,24.88,194,2314,10286,21.01,56.47,32.42,337.73
38.57,42.64,49.36,18.01,132,974,4300,17.28,44.12,2.57,260.7
12.47,29.1,33.16,40.59,60,469,2385,15.04,32.83,2664.52,201.2
93.26,52.95,103.36,5.0,228,1876,8563,25.65,56.53,3.08,297.01
93.15,52.9,136.1,9.18,276,2500,11394,26.21,62.54,4156.84,410.65
57.04,34.61,65.38,22.42,165,1517,7266,18.53,55.74,29.14,300.42
97.53,85.39,114.2,46.31,275,2500,11600,34.3,60.04,207.73,383.0
6.87,5.0,20.0,8.31,67,427,1000,11.04,30.0,17.84,209.04
7.36,5.0,29.87,11.87,126,1357,4129,7.74,33.54,1.2,168.42
64.78,58.58,80.94,35.18,223,2130,8765,22.63,51.46,1904.45,302.62
81.4,18.62,116.06,17.15,211,1444,7857,20.18,56.06,24.74,351.53
53.34,76.74,93.11,12.52,164,1414,6267,25.5,51.35,109.3,285.17
43.33,40.35,66.07,9.5,116,1358,5412,19.28,45.87,7.17,239.98
59.14,81.28,100.19,24.44,160,701,4333,22.51,52.24,25.0,280.95
85.39,93.31,127.94,52.27,205,1102,7480,27.56,59.7,1.29,359.72
10.34,28.29,42.44,13.1,25,100,1000,11.72,34.72,274.42,186.53
49.32,73.71,69.74,29.76,168,785,4131,23.37,45.67,13199.69,295.39
92.35,85.96,117.33,9.94,295,2500,11560,26.31,63.87,2.17,350.0
48.48,48.83,64.57,34.75,124,729,5047,17.97,51.58,31.5,326.86
57.8,46.32,65.37,67.59,138,733,5534,27.33,55.91,491.5,244.31
9.9,5.0,20.0,58.21,21,124,1792,10.1,34.01,1596.49,171.53
50.21,17.16,65.29,9.34,105,1010,4846,17.91,47.35,11069.51,268.11
51.33,49.89,76.14,9.03,156,1052,5199,20.04,48.0,3.18,262.25
91.48,45.02,107.21,6.21,258,1327,7029,22.41,66.6,2.41,344.43
13.03,5.0,47.87,13.86,67,498,2515,9.8,30.0,49.06,223.47
5.0,13.68,20.0,18.46,20,100,1000,8.44,30.0,1.45,197.57
16.04,34.21,46.47,21.94,67,347,2280,12.7,41.4,12752.0,239.2
7.84,5.0,20.0,5.16,25,171,1000,7.09,35.08,4289.62,154.9
45.11,41.8,83.7,26.28,113,1230,5265,24.85,46.86,520.76,308.18
38.59,44.64,56.15,6.71,71,163,1975,25.67,41.93,169.86,268.34
94.68,42.7,98.15,38.1,225,2265,10676,26.52,63.7,40.5,352.19
8.68,28.98,29.17,16.26,42,491,2256,9.59,36.5,3.32,174.4
10.47,19.08,30.04,24.91,42,180,1480,12.95,32.24,3533.89,228.73
86.16,79.19,101.24,13.11,215,2500,11247,24.79,65.05,2016.91,409.98
44.16,71.72,83.51,49.14,141,1719,6797,20.51,46.87,11779.02,269.2
9.2,43.34,27.55,15.46,45,497,1872,17.14,34.03,991.68,165.42
13.06,28.44,54.3,14.19,51,404,1514,13.49,30.0,3298.79,192.2
9.24,34.79,30.53,14.39,42,276,1078,9.75,37.9,1.1,173.88
41.39,19.5,41.32,21.56,106,1099,4810,13.51,44.24,3619.88,260.47
59.26,72.5,90.85,9.72,117,1101,5440,21.0,49.31,29.39,264.36
46.38,21.05,56.2,8.52,95,1204,4831,14.81,47.36,1.37,279.13
54.42,52.0,75.0,15.59,136,579,3402,19.41,50.22,3448.88,264.49
85.14,54.02,110.2,11.93,258,1429,7932,23.31,62.7,70.64,310.7
61.89,57.8,84.42,12.9,160,555,3218,19.98,52.79,2.76,275.61
86.01,75.65,107.81,63.09,189,1690,8649,25.27,65.02,1.18,359.82
88.53,57.64,94.11,9.06,238,1370,7951,27.73,61.28,2.72,332.45
23.27,24.37,63.5,18.29,93,382,2175,11.3,37.73,417.8,242.74
8.61,22.81,20.46,21.07,67,601,2248,10.02,33.02,19.78,197.92
10.54,33.35,23.54,18.74,32,234,1178,10.04,34.4,4280.72,202.31
54.24,39.2,61.03,23.85,116,403,3930,17.56,46.26,969.55,341.63
92.89,66.3,111.04,6.81,249,1435,8416,26.76,62.48,201.95,396.56
90.01,95.0,125.96,7.95,247,2070,9898,26.12,60.16,13202.7,431.58
43.34,67.01,62.09,18.79,138,1438,5998,19.05,41.8,12.6,223.4
8.31,60.16,37.63,28.1,20,316,1604,17.29,30.0,988.97,183.16
58.2,51.76,108.16,31.91,170,1185,6323,18.82,53.71,2667.26,332.21
46.02,39.2,85.79,50.28,98,1216,5303,16.31,46.94,4118.82,287.95
40.76,32.34,83.12,9.03,131,980,4550,13.8,43.38,5177.81,249.75
42.42,38.49,51.13,17.43,107,1290,5767,17.36,45.73,160.59,244.36
55.57,45.96,68.49,57.36,141,1143,5145,23.17,48.69,26.05,284.85
16.47,19.88,40.39,35.33,59,744,2627,12.51,39.2,42.5,260.12
42.49,40.68,63.5,21.31,106,525,3198,14.7,49.15,4102.33,220.09
95.74,57.45,104.97,27.75,257,2500,10861,28.36,61.75,74.33,314.01
92.35,68.54,114.09,45.54,199,2161,10341,25.07,63.04,1.19,380.73
23.98,37.36,51.2,39.5,96,880,3631,15.49,39.68,542.83,218.05
10.89,7.89,38.99,23.73,73,585,2285,8.03,38.96,11.14,216.62
12.39,17.0,23.54,19.77,59,526,3283,11.75,34.35,9.34,213.5
95.82,91.07,120.33,39.42,237,2500,12154,28.09,68.26,88.1,372.66
47.5,45.73,66.48,24.48,98,872,3986,16.78,45.82,44.7,256.11
81.82,56.8,158.23,15.25,224,2221,9209,22.98,59.05,1917.09,326.51
46.47,47.17,65.64,24.62,92,355,3232,15.76,47.13,1.31,269.75
41.16,35.8,54.62,17.5,118,1143,5168,15.15,44.77,201.47,214.15
49.86,27.7,70.46,34.79,166,2029,8243,20.04,49.97,39.18,253.22
89.42,90.48,109.69,13.7,237,1755,8431,28.63,58.97,2.29,370.66
6.77,22.19,208.09,9.46,20,128,1300,8.9,30.22,11.32,150.0
18.48,33.42,38.87,25.45,68,225,1000,11.05,34.49,2.85,265.52
5.94,15.26,22.3,29.71,62,754,2157,8.09,30.45,12.21,186.23
75.52,50.54,92.95,7.22,193,1386,6687,23.8,54.62,27.84,301.13
18.13,16.96,47.32,12.35,43,340,1067,10.5,40.49,67.41,205.18
5.67,28.7,20.0,10.12,71,635,1000,10.65,36.18,2.7,216.86
95.42,55.16,100.62,7.34,235,2500,10679,26.84,65.21,3698.32,397.44
51.13,66.31,71.48,31.24,122,1419,5464,23.31,45.92,52.04,235.64
97.58,65.63,119.95,15.8,251,1509,8510,30.96,69.1,8.16,342.39
55.02,55.84,67.32,13.86,162,1553,6475,18.67,45.58,93.72,336.98
75.0,42.42,248.07,19.44,202,1085,9172,27.47,55.31,230.38,299.36
5.0,7.22,20.0,15.65,55,725,1787,7.71,38.58,208.5,229.22
39.34,65.34,61.2,24.58,74,959,4570,25.25,43.92,62.39,231.65
16.23,21.04,33.7,23.84,57,281,2061,10.16,38.3,12526.16,191.98
7.17,5.0,24.62,15.93,20,139,1000,9.08,31.82,7.97,152.72
73.91,44.97,82.36,17.6,190,2210,9713,20.16,59.32,905.21,302.76
10.92,43.51,44.1,28.75,29,334,1000,10.39,34.68,1.45,171.27
81.03,59.93,96.85,18.55,208,1143,7230,24.24,63.02,28.4,353.62
57.81,81.78,84.31,27.58,176,1334,6550,20.39,47.77,4.86,240.89
17.1,41.93,33.51,5.0,85,374,2188,11.28,31.38,58.58,162.72
49.22,34.27,60.64,19.98,111,1409,6041,17.74,52.03,348.9,274.58
55.97,42.4,82.63,18.48,112,1265,6482,18.16,43.34,6823.54,274.24
45.29,74.56,68.04,20.68,117,765,4586,20.34,42.9,1420.79,283.82
95.5,53.65,101.52,11.42,230,760,5690,26.05,62.48,1.07,345.21
42.41,54.4,55.69,20.31,117,990,4424,19.58,44.05,749.77,229.35
91.97,85.61,112.78,13.72,236,1763,8816,26.23,63.02,26.39,411.25
89.72,82.44,109.45,13.9,220,2185,10081,25.79,61.94,174.4,352.06
92.04,64.11,127.92,12.18,215,2500,10917,24.48,61.78,3.51,357.25
58.62,50.45,92.91,15.39,158,1409,6420,18.54,49.81,28.94,265.54
54.51,14.34,54.38,39.5,149,947,5680,15.49,49.31,9723.83,276.79
5.0,5.0,20.0,13.95,78,437,2032,6.89,30.0,20.2,198.77
78.92,47.52,85.51,27.07,197,2184,9785,21.3,61.05,323.54,343.37
13.09,8.23,20.82,9.59,64,442,1000,8.72,38.26,10.03,207.66
10.61,24.84,29.15,47.04,60,529,2551,22.63,34.28,381.37,187.37
40.32,43.32,50.1,45.67,110,346,2745,17.63,43.25,21.22,293.16
11.0,17.84,20.0,13.77,48,392,1911,10.34,37.04,14478.2,156.43
45.65,33.62,95.35,20.4,108,673,3903,25.24,50.19,751.39,239.84
5.0,35.98,31.06,18.71,36,224,1649,13.59,30.0,1217.62,182.18
5.0,28.73,20.0,14.0,47,245,1168,13.71,32.18,2869.99,195.67
90.81,79.69,107.73,8.41,175,1337,7406,28.48,61.64,10528.35,391.11
5.0,5.0,20.0,21.53,82,694,2210,7.02,84.27,851.35,194.73
78.02,75.28,94.14,15.76,186,1417,8500,24.68,56.22,2321.87,313.13
92.23,72.01,106.15,40.29,186,1677,9015,24.81,68.01,238.9,311.29
22.07,33.36,38.77,13.0,59,232,1549,11.89,41.2,25.28,170.76
6.98,14.01,56.33,10.7,39,494,2455,10.62,30.0,7.58,184.84
49.27,24.4,53.55,19.95,186,1239,5601,16.55,49.8,3.31,286.85
81.69,77.17,103.75,16.32,264,2500,11112,23.99,60.08,18.16,335.35
10.5,30.8,23.23,27.76,22,144,1000,11.86,30.0,7171.87,239.12
18.8,10.09,28.48,19.57,30,121,1827,14.02,37.29,1583.13,229.4
5.46,23.57,34.86,38.5,60,127,1000,10.05,33.17,9588.39,238.04
96.06,77.65,123.68,11.55,264,616,5479,32.21,63.52,136.91,357.92
15.79,23.88,25.51,7.72,20,100,1000,11.56,33.21,6.23,186.74
5.0,20.25,20.0,7.82,20,100,1000,8.36,30.0,8.28,229.46
43.19,56.41,61.02,10.09,95,847,5502,20.62,43.3,94.08,240.66
47.85,30.42,53.81,21.87,128,1520,6583,18.85,44.13,858.31,228.91
85.46,52.3,102.28,70.92,217,1330,7072,22.85,66.87,3.36,350.6
11.34,49.03,70.48,28.31,49,378,1437,13.66,31.53,91.83,224.86
46.19,38.46,53.47,65.8,143,1185,5865,25.23,45.1,26.17,292.19
82.66,63.71,92.64,20.52,189,601,5661,25.08,56.89,7079.18,341.85
92.52,53.53,95.77,6.33,234,2404,11102,28.35,62.13,895.7,357.07
69.59,78.86,139.11,8.55,254,1172,7447,26.91,86.11,2.61,369.01
51.72,67.38,73.01,23.6,142,826,4512,20.12,48.23,48.12,263.93
55.52,28.95,59.02,48.97,135,734,4697,16.28,48.91,8321.95,264.22
5.0,8.18,36.09,10.13,27,225,1000,7.25,30.0,335.62,150.0
95.55,57.23,111.27,14.15,263,2370,11502,24.4,66.75,22.54,329.06
6.85,26.16,20.0,10.42,92,761,2543,9.43,32.5,16.29,150.0
9.5,5.0,20.0,27.43,21,100,1433,7.3,34.26,4.7,204.49
89.23,83.95,111.75,17.22,229,1607,8441,27.56,60.66,11204.69,375.11
47.42,27.53,62.27,41.56,138,958,4333,17.75,42.45,1.1,221.49
11.91,30.1,33.96,33.35,34,270,1303,12.82,38.59,69.81,202.39
10.92,17.71,31.64,63.99,30,248,1000,10.88,33.69,3.38,214.5
81.18,62.14,100.69,18.3,250,1531,6962,24.13,56.59,190.36,348.5
93.37,92.97,150.97,19.65,250,2500,11809,28.06,68.61,1.57,371.35
40.43,51.44,70.35,51.28,164,1273,5647,23.62,49.04,58.09,272.04
46.24,47.38,78.5,12.76,156,1703,6676,20.88,50.62,925.37,208.51
50.93,37.19,67.76,19.15,144,1472,7073,16.95,49.78,1.12,296.39
16.54,39.96,39.43,17.69,54,686,2795,11.51,36.39,92.3,226.01
15.23,28.92,29.16,12.98,90,338,1188,10.66,34.36,6.19,214.38
83.74,66.66,99.54,22.97,228,1269,6841,23.12,62.72,4.78,289.53
95.16,76.63,108.85,22.31,221,1824,8752,25.5,62.82,94.48,381.38
85.17,60.17,95.78,53.22,236,1429,8297,23.19,62.63,202.49,277.68
24.15,37.15,47.69,20.57,133,564,3273,16.28,41.33,21.76,218.69
7.39,32.83,33.0,12.26,36,255,1000,9.02,34.9,46.01,164.19
98.29,95.0,132.07,13.75,256,1344,8038,29.16,70.95,1700.05,370.59
24.19,19.91,33.07,18.61,72,697,2066,10.39,42.49,502.85,275.92
57.27,53.74,72.56,9.75,161,652,4574,21.94,56.36,61.05,288.6
47.41,51.03,62.38,14.91,122,1315,6545,17.36,43.38,2155.43,231.42
51.38,42.7,77.26,13.03,119,1247,5074,16.33,45.42,1.11,313.55
49.58,24.58,75.42,5.0,106,604,4028,22.41,48.7,67.69,243.38
99.6,39.39,63.33,15.54,111,408,3509,20.14,55.47,52.77,296.22
47.93,46.98,62.75,20.95,94,1092,4596,15.98,50.12,6.47,247.04
54.1,59.88,93.36,5.99,111,586,4150,20.6,51.09,536.93,301.11
84.7,66.07,112.12,11.82,210,2155,9951,23.12,60.86,5.32,292.09
51.86,31.25,62.12,22.36,149,1778,7574,17.38,47.36,22.85,264.89
86.66,47.93,93.4,5.12,236,2500,10712,21.93,64.12,1.24,331.96
47.21,10.64,76.37,13.55,131,1300,6270,14.96,48.53,32.04,231.01
91.09,68.94,112.18,16.07,225,2500,11430,26.4,61.95,65.96,322.4
83.98,56.9,91.97,9.65,191,1770,8635,28.04,59.46,1.94,328.66
5.55,12.99,20.0,9.43,66,382,1252,13.18,30.0,6.58,194.48
48.5,54.83,64.21,26.49,158,1798,6925,23.14,51.42,137.28,220.89
47.71,55.15,79.13,38.41,194,1867,5989,18.42,44.11,11220.84,287.95
56.05,48.07,80.29,8.57,152,1139,6265,20.85,57.48,69.05,263.58
87.89,55.69,93.45,40.15,203,1859,9500,24.92,62.3,1128.17,353.6
53.6,18.46,67.8,25.81,156,1502,7135,20.39,52.52,152.24,257.75
55.68,33.19,61.03,15.77,129,1102,4903,16.93,48.97,9130.48,280.52
45.17,41.4,64.7,5.0,153,958,4494,20.5,45.92,1721.46,259.15
10.05,6.51,24.67,11.39,47,393,2147,13.81,32.78,471.15,189.08
11.55,5.0,20.0,7.71,50,176,1000,9.74,33.36,268.64,218.81
5.0,26.53,20.0,52.16,56,313,1460,10.11,30.0,1521.98,205.25
93.79,79.8,123.62,8.98,238,1006,6324,35.0,61.71,9.11,398.11
83.18,70.22,97.51,13.1,209,2181,9491,24.46,68.18,1.64,304.91
93.77,45.82,100.39,17.19,223,1635,8431,25.45,60.5,7904.84,341.68
8.84,22.29,46.04,10.0,53,230,1000,10.89,30.0,1150.38,209.33
86.77,80.59,105.05,24.05,237,1984,9636,25.09,65.6,4499.91,338.36
48.52,47.31,61.29,26.72,91,909,4930,18.74,46.13,17.56,273.84
73.93,58.46,82.53,9.66,217,1256,6546,31.71,57.18,272.35,336.49
18.95,37.9,30.51,14.14,47,585,1741,11.67,31.03,32.2,207.7
98.76,60.61,105.26,13.64,257,2500,11258,25.57,67.66,495.96,412.12
23.62,10.27,36.27,39.15,52,133,1531,10.18,35.32,5.38,213.49
97.83,49.68,103.73,14.75,221,2500,11209,24.13,65.13,13.8,373.33
62.13,47.66,73.56,21.85,159,1625,7281,26.94,54.83,2409.69,296.51
12.27,5.0,20.0,6.33,82,302,1311,7.82,39.46,1.0,277.69
19.28,17.18,54.79,20.33,24,351,1846,11.29,35.42,3438.73,207.59
94.47,83.67,111.18,14.25,206,1734,8773,27.53,60.75,3.53,378.98
5.76,24.2,65.22,17.98,45,184,1000,8.02,30.0,4826.21,186.78
92.67,63.48,101.84,38.88,240,1481,8201,24.49,61.43,29.72,368.99
87.02,57.26,96.05,12.9,264,1871,8967,23.21,62.13,3.19,352.36
5.0,5.0,20.0,12.11,49,496,1018,7.41,30.0,20.04,165.53
5.0,24.54,32.82,26.89,53,285,1610,15.01,30.64,165.36,217.82
93.94,81.77,136.74,9.04,256,2500,11698,29.31,70.57,538.3,333.84
91.38,64.11,104.57,24.26,215,2225,10265,31.1,57.8,13214.5,398.96
12.59,43.86,60.93,6.76,69,496,1937,13.51,36.41,2582.8,254.95
86.18,55.87,98.22,12.35,191,1774,8468,26.64,62.93,1.32,300.61
88.36,66.96,128.58,25.39,258,1915,8694,25.84,60.88,2106.67,304.2
92.23,76.22,117.69,18.83,226,952,5699,30.4,67.71,1.85,382.63
84.11,48.89,139.13,8.94,185,1000,6117,24.37,59.13,2.1,331.05
54.54,71.95,75.1,30.3,147,585,3349,19.37,47.54,835.41,278.45
89.5,86.13,121.88,21.35,270,2500,11658,27.74,63.87,12.56,343.0
50.57,52.8,70.34,32.34,171,796,4694,19.35,46.27,5.83,240.1
88.09,90.51,158.93,32.29,216,1431,7297,30.39,63.64,94.04,374.48
56.69,46.28,69.24,20.64,190,1581,6715,23.42,53.71,521.21,284.44
34.27,52.65,57.47,22.71,94,698,3792,16.35,40.37,4.85,285.18
10.46,43.82,26.51,40.79,77,460,1919,12.12,35.3,102.67,218.08
80.84,39.94,88.27,11.19,190,1604,7373,20.79,58.02,434.58,335.05
81.02,60.18,104.79,19.16,219,1693,8701,23.7,66.74,3526.45,317.3
5.05,13.43,20.0,17.54,20,100,1000,11.24,31.34,6.18,150.0
92.35,68.28,101.69,13.18,206,1165,7728,24.82,71.88,37.98,351.21
5.0,29.6,25.61,24.19,60,718,2543,8.49,30.0,136.35,194.39
36.68,22.32,45.98,11.2,123,576,3017,14.28,40.87,7.61,293.5
27.64,47.01,57.53,13.92,74,485,2368,13.29,40.62,2.12,230.77
46.73,50.79,62.59,11.51,164,1686,7035,16.37,48.21,43.59,279.84
42.18,68.86,99.41,14.07,88,417,3252,22.86,47.02,486.78,258.58
42.78,55.46,60.62,10.72,109,769,3382,17.24,50.2,1.1,254.16
89.69,79.95,115.51,12.38,190,1448,7469,25.2,65.06,5.38,376.27
10.23,10.56,20.0,23.95,56,540,1895,11.01,32.09,193.77,190.18
84.19,74.73,97.8,12.92,200,1216,6750,26.13,58.67,58.98,327.69
16.94,18.52,27.91,26.71,61,435,2019,9.27,36.18,59.5,212.51
5.0,11.58,20.0,39.74,61,727,1954,10.2,33.16,157.49,185.46
9.43,22.9,22.06,18.0,63,767,2687,8.79,32.82,145.43,202.85
89.79,59.05,101.83,10.56,224,1684,9415,25.64,62.6,4.52,357.37
22.76,19.08,28.48,16.27,78,406,2869,17.92,39.82,7813.69,258.85
68.92,33.36,76.19,12.11,177,798,4090,18.17,55.35,509.41,345.18
5.0,5.0,20.0,13.07,69,862,2580,7.42,30.0,4051.59,199.35
13.88,12.58,20.0,12.16,72,781,3836,8.29,36.68,6253.92,262.76
40.62,40.13,56.51,6.47,126,979,5114,15.83,43.31,3.51,239.41
47.74,20.93,55.77,19.29,115,495,3146,14.81,44.74,2254.35,238.73
47.19,22.33,54.45,27.23,150,1040,4846,15.97,48.38,95.61,293.62
16.15,13.82,31.62,22.92,77,273,1683,10.14,41.39,2.92,178.56
20.94,41.38,37.73,23.08,99,394,1574,11.73,37.6,76.21,219.08
80.82,32.77,87.64,11.33,186,742,5685,23.54,59.46,1.44,344.52
88.55,71.87,112.5,44.02,235,772,5236,25.0,60.32,10333.43,377.82
73.86,63.39,96.1,35.63,198,1980,8947,21.51,57.38,103.69,338.98
77.4,53.81,107.99,16.72,210,1070,6563,21.24,55.47,12121.52,354.28
12.8,36.37,39.49,31.27,64,752,3373,11.11,35.67,2.58,199.51
47.7,31.1,55.35,10.48,118,539,3335,19.76,47.85,5275.2,277.5
87.42,68.06,105.51,11.23,211,2196,9461,25.75,72.51,294.82,404.59
50.75,45.35,67.23,7.22,137,932,4642,18.97,48.66,12361.25,309.08
86.4,73.75,114.19,14.53,215,2281,10206,28.88,56.88,11.58,314.47
19.66,17.41,25.59,11.32,77,743,2563,12.38,38.26,6.04,189.57
52.9,23.98,96.18,18.34,168,1396,6613,16.05,51.05,23.88,267.92
40.55,11.36,43.11,16.44,61,593,3957,14.75,50.3,84.12,262.54
5.0,23.21,30.13,40.89,64,566,1679,10.95,34.78,2916.65,197.12
15.13,5.0,42.22,30.4,105,1352,5582,8.11,38.99,7085.0,208.79
50.07,44.68,71.95,100.0,158,712,4244,17.28,46.45,5.77,259.09
45.11,31.87,50.46,14.13,124,667,3426,15.77,41.78,1.7,282.87
59.1,58.99,85.38,11.56,130,972,5699,23.64,54.92,6289.36,275.39
81.98,53.34,90.84,10.34,194,1181,6618,24.27,61.25,4917.21,376.5
9.75,29.77,49.6,19.64,20,154,1000,15.3,30.05,4056.76,229.31
64.03,58.42,83.63,18.23,201,1058,5545,20.53,53.04,4.22,279.39
58.88,54.37,77.84,13.88,159,715,3816,19.34,49.26,405.62,311.07
13.29,23.68,25.29,39.39,74,648,2796,11.95,34.15,6195.44,220.63
89.93,53.92,119.83,15.27,202,1819,9329,24.07,59.71,17.36,335.31
97.43,60.53,113.41,18.19,290,2500,10595,27.64,62.53,525.47,380.4
60.2,35.82,69.85,36.33,128,410,3945,18.47,48.21,6.97,255.64
51.73,92.0,58.71,48.07,102,1259,5826,32.67,51.04,21.45,273.09
22.57,38.22,65.8,6.51,100,1033,4816,13.0,42.81,24.56,240.53
83.77,56.96,109.47,10.65,191,1729,8616,22.32,60.23,9086.65,337.46
12.33,10.44,31.92,17.74,47,419,1000,15.01,36.03,2.5,206.1
45.57,49.75,66.53,13.25,105,948,4208,15.82,50.0,2.1,237.77
8.25,21.05,47.7,6.49,94,705,1771,10.36,38.23,380.98,179.32
7.89,35.31,34.33,14.86,72,448,1806,15.04,30.0,6186.52,222.74
13.58,5.0,34.66,8.6,50,478,2847,12.17,37.77,19.6,192.52
16.42,23.68,36.86,13.73,75,280,1031,11.36,40.92,45.39,225.35
56.76,64.59,73.38,19.24,168,1411,6851,20.44,50.16,887.36,283.53
45.51,49.72,74.15,23.28,161,557,3625,18.32,51.72,667.83,266.07
98.73,95.0,125.76,18.23,257,2166,9965,27.66,65.07,2652.57,427.92
5.31,35.48,20.0,28.14,32,220,1000,13.29,35.53,5813.28,245.17
55.3,29.64,75.65,8.18,196,1630,7212,20.75,51.03,894.16,311.6
59.53,37.01,86.72,15.76,155,535,3237,23.49,50.0,10.78,293.03
69.38,84.4,103.47,5.16,219,1589,8370,25.74,86.7,15.14,315.7
55.89,41.33,64.27,30.41,122,353,2045,17.52,52.4,3.18,268.82
41.71,15.61,43.42,26.74,119,405,2220,14.76,49.45,52.48,262.56
51.74,40.23,86.73,12.28,158,1470,5982,16.1,49.17,14.97,252.08
17.35,42.07,45.46,80.87,57,858,3542,11.48,32.89,8.2,165.93
9.46,96.32,31.62,13.46,48,457,1000,17.23,32.72,296.62,212.75
94.48,48.2,100.47,8.93,241,1853,8768,24.46,65.28,3111.75,354.32
84.6,87.44,132.41,13.59,194,1209,6471,25.6,58.76,1295.81,366.59
46.23,49.31,57.39,5.0,139,1124,5869,17.66,40.7,8.88,319.79
6.59,42.54,34.29,26.37,81,617,2057,10.3,35.27,68.59,199.34
82.84,31.3,90.66,17.79,158,1333,7647,21.39,66.03,27.06,354.18
15.32,21.83,28.07,8.98,76,740,3912,11.73,38.15,26.23,218.69
58.96,48.02,74.19,19.18,154,906,5536,18.81,54.14,4598.56,294.52
38.45,23.94,49.52,12.15,75,663,3503,20.53,43.19,11.34,278.91
5.0,30.37,80.71,24.59,29,406,1091,12.68,30.49,262.7,203.59
77.24,54.88,84.31,20.73,181,1576,7867,29.58,58.0,13381.36,328.49
5.51,33.65,24.17,21.43,30,100,1000,10.23,36.61,45.52,161.69
51.86,59.91,82.26,22.02,89,437,3500,20.0,49.16,32.66,267.65
11.09,6.48,20.0,11.37,50,522,1221,9.44,39.9,604.47,173.51
99.6,65.33,122.38,36.29,218,2443,10866,31.67,69.1,2.91,360.79
51.22,24.28,57.36,25.17,145,1130,5649,19.99,45.56,79.27,224.18
77.44,35.89,86.33,6.92,176,1670,8360,20.02,58.79,3.05,305.59
9.14,32.45,37.63,18.76,69,514,2254,11.84,35.92,3326.06,215.13
5.0,24.1,20.0,5.19,50,100,1000,7.7,30.77,25.5,150.0
10.25,30.29,53.47,13.65,74,495,2326,10.25,33.67,7.17,191.54
18.79,49.5,53.31,39.59,90,755,2692,18.66,36.03,1432.33,193.08
92.88,57.39,136.04,16.47,267,1823,9469,24.24,66.88,4.21,335.35
87.22,65.87,103.09,18.31,248,2186,9165,31.37,65.33,68.44,337.5
10.58,27.96,77.88,36.13,46,256,1105,15.01,36.09,3.68,208.13
17.73,47.72,51.5,29.47,31,219,1701,11.93,38.74,635.23,227.09
54.15,64.73,110.99,14.65,136,385,3022,20.64,49.37,11476.18,296.65
23.03,38.39,34.12,30.33,103,473,2149,16.98,36.37,3.7,269.33
81.69,33.57,83.86,11.47,262,2500,10774,26.87,58.9,1461.13,308.42
92.44,37.26,100.03,6.54,242,1235,7564,23.5,63.32,28.2,350.69
13.15,34.84,66.61,8.33,56,457,1093,10.05,39.59,570.88,276.92
92.07,66.94,127.97,12.55,236,974,7081,25.77,69.43,7.56,304.6
93.34,51.05,97.64,30.38,229,1927,9561,28.44,65.79,672.07,343.31
16.03,22.45,51.71,15.22,65,216,1000,9.29,41.42,4.56,221.15
63.28,40.36,74.91,27.97,156,674,5081,21.14,52.87,85.47,327.9
43.94,45.29,56.25,39.33,144,1513,6917,22.54,44.9,459.88,267.48
91.14,57.54,102.33,22.31,186,1997,9854,23.51,63.23,2766.44,374.49
86.75,79.46,109.41,8.07,210,2020,9326,34.52,60.94,1.21,364.8
82.16,68.37,102.68,20.4,182,1916,9067,24.09,61.17,11.4,330.01
40.54,52.48,81.2,42.38,132,1160,6875,18.78,84.43,14442.6,279.89
79.83,60.95,105.33,25.9,221,1328,8262,22.32,62.45,1.37,324.07
89.99,68.94,117.07,13.04,221,922,6272,24.11,62.18,3.62,332.0
47.32,61.6,88.87,14.38,150,1650,6944,22.4,45.26,1.3,317.28
97.03,77.42,119.71,14.88,270,2473,12022,26.75,63.15,25.93,365.8
5.0,25.9,36.43,13.48,54,237,2148,8.54,34.91,10.62,178.11
58.53,63.73,76.19,30.4,166,1117,5223,22.88,52.09,84.3,263.4
48.81,71.1,99.78,24.24,148,881,4931,24.62,50.87,13892.92,288.56
82.16,66.56,112.88,27.77,182,1182,6708,23.5,56.48,262.77,336.13
9.06,23.7,24.55,19.95,42,486,1805,9.4,34.25,66.98,170.38
20.63,38.67,48.63,100.0,34,561,1631,13.21,38.35,354.45,257.81
14.32,8.91,20.0,14.21,81,616,2062,9.98,37.06,3.18,195.31
5.38,20.52,28.11,10.83,61,405,1902,12.62,30.0,20.54,165.96
50.08,22.12,53.59,35.48,138,1052,6281,22.71,52.84,10125.87,285.14
56.85,61.31,73.14,25.82,110,493,3915,23.87,53.35,3896.13,225.92
72.81,34.64,89.86,6.11,169,709,5757,25.03,54.17,36.83,289.37
57.07,43.1,72.98,30.65,204,1674,7644,17.37,49.54,7590.21,256.0
65.07,69.4,94.57,15.28,189,1815,8609,23.2,53.44,3866.49,272.13
45.21,66.59,63.04,8.75,117,722,3504,18.58,50.78,10860.13,318.07
46.54,23.74,49.8,8.97,133,878,5159,20.82,44.2,2.32,250.52
5.0,40.29,27.05,6.62,36,100,1025,12.31,33.14,64.32,204.88
84.79,66.5,171.82,7.86,164,1276,7836,24.58,58.42,9501.57,355.0
46.0,51.34,57.99,35.16,137,1670,6545,28.03,43.58,131.9,244.26
49.97,63.23,76.07,7.27,180,1964,8709,18.66,48.45,55.73,255.68
86.37,68.59,115.55,17.45,207,1709,8917,30.46,65.16,9750.47,384.6
53.38,38.47,87.27,15.54,113,420,3201,16.31,46.64,1821.66,276.92
86.72,95.0,114.84,9.95,243,866,5806,29.94,59.81,3415.13,347.0
47.53,33.06,62.29,17.53,133,1355,6020,15.72,49.01,45.76,261.68
12.43,35.75,31.65,13.92,65,196,1405,11.06,34.04,452.66,186.5
83.16,51.62,104.79,10.06,228,1200,6818,23.86,56.45,101.74,258.28
14.94,11.13,20.0,30.91,25,154,1312,20.19,39.6,379.53,195.96
15.23,5.0,20.0,11.08,66,178,1000,8.55,30.0,1.54,230.68
5.0,5.0,37.85,8.98,20,334,1000,6.2,30.13,36.68,198.77
35.53,49.34,58.92,19.2,110,1293,6147,18.6,80.72,119.9,208.44
73.84,71.69,121.29,5.94,252,821,6131,26.4,89.96,631.08,318.74
53.06,54.59,98.15,8.02,142,790,4919,24.31,47.05,5.95,248.37
89.55,55.85,97.36,40.79,267,2500,10485,24.92,63.35,447.94,332.25
88.49,52.5,234.49,15.46,247,2349,13640,22.92,63.71,14.19,422.09
51.39,35.87,59.49,22.08,118,409,2864,17.15,44.24,29.51,281.72
83.45,60.15,93.44,8.08,187,779,5545,25.33,61.18,239.59,312.67
8.91,24.2,41.65,6.94,45,544,2423,8.51,33.21,1.13,193.58
32.06,28.51,69.22,23.13,49,471,2312,15.26,46.93,14.0,268.81
96.27,82.79,111.97,23.49,212,1238,8166,26.31,62.54,1.03,381.91
84.99,93.12,111.08,18.33,227,934,6421,25.93,62.47,315.05,334.52
47.02,54.07,111.81,11.26,171,1336,5597,19.77,44.19,25.56,259.45
52.55,36.91,249.68,13.94,133,516,3975,16.42,47.59,6.32,305.34
11.07,11.07,20.0,7.49,45,393,1150,8.12,33.37,203.28,166.57
45.65,11.02,74.86,13.81,113,816,4006,13.89,46.73,9893.99,273.26
85.97,55.92,130.32,30.75,242,2208,9715,22.46,60.67,182.7,335.84
95.73,75.92,121.7,8.12,217,2228,11091,26.84,61.13,239.31,327.95
90.3,51.95,97.01,32.88,226,2192,9991,24.56,63.35,21.46,354.3
92.46,69.71,108.25,26.81,233,1589,7976,26.07,63.48,161.72,367.0
48.69,17.92,49.89,14.13,119,1163,4992,17.0,47.58,4173.44,291.32
52.98,56.89,96.03,14.63,147,721,4357,18.27,43.15,147.97,240.37
21.74,36.41,39.48,14.02,127,1264,4202,15.67,42.98,438.6,270.62
84.16,70.93,132.09,20.92,198,1462,7892,27.17,61.14,3.66,283.57
87.17,83.18,113.86,29.95,254,2385,10817,24.89,60.65,896.27,392.85
5.0,43.59,36.79,20.63,59,316,1960,18.33,32.16,440.4,151.19
93.09,72.62,114.24,45.52,235,2500,11206,26.96,57.63,699.66,389.89
14.93,9.25,50.04,16.5,20,232,1053,11.42,35.78,300.36,202.1
48.21,33.6,73.79,42.19,137,489,4130,20.41,45.82,9520.72,227.48
85.82,74.5,109.21,23.65,177,1552,8073,25.1,60.67,970.82,306.27
52.57,54.48,79.67,9.53,182,1264,5623,25.23,42.8,3.75,251.03
7.3,38.5,21.29,8.29,31,287,1527,14.42,36.68,3349.46,207.16
24.18,8.93,23.82,32.59,63,719,3037,16.34,42.42,2016.25,244.13
48.54,45.69,68.56,33.67,105,870,5328,15.95,47.0,1.67,236.57
11.63,5.0,29.45,18.41,60,446,1547,11.82,38.91,148.65,173.73
16.67,15.34,20.5,24.43,62,535,3072,9.53,33.07,403.7,230.31
13.66,43.45,36.85,29.85,70,625,2342,15.09,36.45,46.01,185.99
49.76,62.33,96.94,21.89,98,489,3324,21.33,51.68,271.79,289.66
95.24,95.0,114.91,19.25,211,1059,7253,28.43,62.38,22.37,411.82
91.42,60.12,114.41,16.97,224,2285,9809,25.08,63.22,156.53,346.99
25.37,24.61,41.85,5.0,67,456,1994,17.2,38.94,11699.3,193.11
47.67,27.5,58.33,37.13,189,721,4156,14.56,47.7,2.09,283.66
50.87,29.25,65.13,13.82,119,1314,6323,28.71,48.69,4.36,262.44
52.65,49.97,94.65,17.26,129,1478,6042,18.01,56.13,23.59,287.19
37.77,30.86,55.22,11.56,129,889,3633,14.84,47.94,123.7,229.93
46.85,39.06,66.41,18.27,144,1469,6185,18.49,44.93,7.38,206.3
83.03,62.06,104.93,22.37,178,1638,8717,25.82,59.45,102.85,351.66
9.79,5.0,20.0,13.71,52,204,1625,13.64,30.02,498.21,200.39
89.45,67.88,99.51,16.22,225,1389,7853,23.93,60.67,1655.47,320.56
85.89,83.82,103.35,8.99,169,1107,6998,25.78,64.56,314.66,351.31
76.13,51.86,108.22,15.53,218,2476,9836,20.57,60.9,582.84,343.71
44.16,40.52,78.42,10.92,154,903,4624,22.85,47.67,6675.5,230.97
8.25,29.54,75.57,5.0,60,293,1550,8.99,30.0,23.13,235.95
41.21,21.39,52.25,8.14,105,929,4322,13.92,45.65,5.45,263.03
55.44,50.86,89.59,11.46,149,1030,5384,17.63,45.74,10.09,286.31
81.92,38.35,93.17,19.86,208,1863,8085,24.9,63.83,24.28,278.14
51.5,21.05,49.89,13.71,134,939,5773,16.83,51.84,33.68,274.13
51.81,82.98,79.34,27.4,134,1275,6450,21.07,46.32,135.35,294.24
92.88,72.99,110.22,11.51,206,2205,10037,35.0,60.47,1.81,356.15
84.54,56.61,94.85,12.48,195,1740,8318,24.41,60.84,2.35,310.59
89.37,55.63,173.75,6.13,213,689,5437,26.08,59.72,840.78,339.75
49.45,26.98,54.93,29.21,152,1572,6296,18.25,44.73,7.04,285.19
49.9,57.86,67.03,86.08,139,742,4928,17.47,49.65,139.25,333.81
48.85,44.11,80.01,9.9,178,916,5688,24.32,87.11,646.05,295.24
50.97,42.89,75.13,11.15,168,644,3977,21.49,48.77,756.84,307.14
91.66,50.7,101.55,18.04,253,1092,7358,24.35,63.7,126.22,376.03
47.82,42.66,61.78,6.45,129,1650,6399,18.64,50.13,212.29,283.39
18.2,5.0,92.54,7.51,89,891,3161,9.81,38.69,45.53,203.99
89.2,63.45,179.86,18.68,197,1235,6804,27.69,62.71,41.04,297.35
94.42,53.82,108.62,6.35,216,1935,9936,25.77,61.04,4302.1,373.62
14.72,34.73,34.32,10.73,51,122,1468,14.71,36.97,43.98,225.08
50.9,44.53,59.28,12.94,113,745,3883,17.63,51.78,1.43,275.0
5.0,6.78,20.0,7.72,20,355,1423,7.19,30.0,251.27,162.73
10.69,20.18,20.83,14.04,54,393,1693,13.2,34.34,540.93,246.46
7.77,17.49,20.0,11.61,20,183,1174,10.25,32.65,3045.77,191.45
48.31,36.97,54.55,11.41,106,758,3743,15.31,47.6,452.46,270.58
6.14,30.83,88.16,8.2,63,507,1988,15.38,34.65,59.22,230.09
47.99,5.0,77.14,13.87,141,728,3706,16.64,50.84,3.49,281.53
53.63,17.88,53.71,16.93,153,1628,7344,17.22,51.7,4583.38,256.33
51.9,27.2,67.59,7.59,135,646,3875,16.1,46.61,23.48,254.16
90.79,50.65,99.88,46.17,195,1694,7418,25.67,62.43,885.37,322.43
92.31,83.65,111.59,5.29,220,829,5944,25.87,60.96,999.96,345.64
13.09,47.8,37.43,38.25,72,282,1366,11.44,34.51,36.16,217.16
51.39,67.56,109.86,21.32,152,558,3224,18.33,42.93,4100.92,296.86
41.94,44.74,74.88,28.89,145,704,3944,18.24,50.58,1189.57,237.59
42.15,38.14,81.86,8.41,130,1406,5915,16.71,45.72,487.0,226.77
46.91,63.22,97.87,20.14,113,1155,5541,18.22,47.77,3852.54,249.65
59.26,49.92,100.03,12.05,169,817,4829,18.18,52.59,54.83,253.12
82.39,69.11,97.8,5.0,216,2259,10614,30.21,59.39,9189.53,363.06
60.29,54.88,76.43,10.56,131,887,5118,19.4,49.84,5966.64,299.48
45.08,22.07,47.07,34.94,162,1292,6163,14.92,41.04,2476.7,256.53
5.0,10.11,46.98,6.75,40,322,1000,8.5,31.86,6341.61,196.93
58.74,80.27,84.07,19.16,186,789,5163,28.02,55.82,1038.28,307.1
49.36,25.18,49.87,15.6,83,743,4111,21.18,51.28,6.99,306.19
9.65,19.97,28.78,22.02,67,191,1056,9.85,33.12,762.03,225.62
52.76,28.02,64.67,15.57,132,1308,5918,21.61,52.25,4633.84,273.48
78.25,58.18,103.45,12.5,226,2312,9995,21.82,60.68,7089.51,346.99
49.0,56.87,74.78,11.2,88,496,2945,17.79,41.89,10583.15,254.12
52.98,26.87,56.38,28.68,152,1409,6825,27.49,51.47,18.84,260.7
55.69,71.83,73.97,24.4,173,1574,7847,21.79,52.61,6689.98,282.84
77.61,60.94,101.07,9.98,216,2227,9386,26.15,57.88,17.45,290.48
94.98,90.23,122.25,23.09,258,1110,7211,30.34,58.67,16.83,373.82
88.2,45.59,115.88,8.25,252,1706,9210,24.08,67.73,11280.58,348.06
47.84,44.35,84.94,5.75,116,601,4554,15.79,47.83,1691.66,256.79
57.77,30.63,64.66,44.54,160,708,3924,16.31,53.39,510.76,292.55
53.09,35.57,68.88,19.09,173,542,4546,15.86,49.34,388.82,260.56
50.02,54.01,92.9,24.38,139,864,4346,27.94,47.85,3.81,291.16
98.06,25.35,90.57,34.3,274,2500,11655,24.88,68.66,373.27,340.92
41.39,34.14,48.63,10.8,150,1302,4844,23.95,47.94,13538.24,304.66
93.71,56.97,106.26,29.84,253,1565,7657,24.34,62.46,1693.25,359.29
5.0,9.42,20.0,15.97,63,633,2190,7.71,30.0,9.02,198.06
19.23,22.39,41.66,15.05,64,600,2836,11.51,37.04,11.05,232.53
99.54,55.95,107.64,5.0,260,2500,10647,25.31,75.61,5.8,350.23
15.6,39.29,32.98,11.24,57,356,1648,10.82,38.12,5204.18,195.79
8.31,6.67,20.0,17.51,22,119,1546,6.9,33.41,41.83,171.85
55.59,48.36,80.81,80.92,151,1066,5631,17.63,51.63,1637.24,328.83
63.77,21.88,61.31,32.65,169,1129,4971,30.08,61.54,1.81,295.43
40.65,39.69,51.85,62.33,128,1320,6389,25.35,48.29,1640.18,257.3
90.56,66.47,109.41,26.03,207,1918,9625,35.0,62.85,4445.18,373.91
49.62,48.2,62.75,29.71,157,730,4813,17.44,50.36,127.58,250.43
44.06,45.51,93.23,10.92,130,1415,6586,17.93,47.98,28.17,225.98
50.96,32.14,56.42,20.41,124,564,3167,16.97,51.76,179.94,263.19
5.0,5.0,20.0,31.37,83,615,1824,7.48,30.0,8330.69,170.01
94.29,71.07,121.23,36.6,237,2110,10810,27.07,61.63,13.96,341.44
58.03,49.59,69.86,37.76,134,1051,5789,24.44,56.72,1298.65,305.48
50.54,51.92,69.71,25.53,130,607,4804,17.7,50.73,425.84,250.99
51.27,31.6,67.61,22.98,111,1274,6673,19.47,52.78,801.99,279.82
14.42,32.17,33.52,8.59,81,436,2310,11.51,35.46,2960.22,163.52
7.68,5.0,24.34,9.66,60,368,1991,6.81,30.66,90.96,191.84
5.0,28.47,32.38,18.85,20,255,1197,8.61,31.12,32.5,193.18
44.75,46.52,56.7,62.7,172,1143,5548,19.11,49.12,131.47,238.85
96.14,75.83,113.44,7.24,249,2375,10871,27.09,56.8,6361.37,381.17
5.0,35.27,43.36,9.44,22,285,1026,13.31,30.56,138.49,185.76
96.0,62.88,130.0,15.46,302,1309,6916,25.65,67.59,615.76,316.11
43.29,40.96,108.25,30.23,139,1313,5730,17.59,49.08,6.47,262.0
41.19,5.0,38.05,30.6,114,694,4543,17.46,44.77,81.32,246.9
87.28,82.36,129.47,17.88,224,1454,7402,25.48,61.88,10.31,363.88
10.67,22.75,64.84,7.04,22,100,1000,9.81,37.11,1533.51,150.0
75.0,49.24,82.31,9.14,210,1365,7496,20.4,55.19,78.0,280.33
5.0,21.9,30.98,32.61,64,512,1748,7.62,33.11,2913.62,151.06
93.53,81.39,110.48,22.5,265,1078,6945,26.36,63.5,147.08,418.07
12.9,16.25,20.0,25.75,59,491,2936,8.3,32.01,11494.43,208.3
86.58,79.94,105.48,60.8,196,2268,9447,27.74,63.85,557.17,339.25
52.94,48.41,64.32,29.98,124,1396,7304,16.88,46.29,155.01,258.29
5.0,15.67,20.0,10.2,31,390,1114,7.02,33.67,25.5,197.86
49.11,48.69,63.18,5.97,130,489,3703,18.76,45.34,390.65,256.07
37.82,51.44,77.11,42.27,126,439,2368,17.82,43.65,219.66,277.4
9.57,20.34,23.99,27.86,58,562,1735,10.51,35.57,11590.42,192.2
95.24,75.83,124.17,18.57,238,2500,12202,26.88,62.45,5.09,352.73
95.64,29.26,63.33,5.0,144,1282,5519,14.05,54.35,297.44,354.81
83.16,51.24,91.5,21.89,243,673,6219,30.33,65.17,17.23,339.46
18.57,15.26,21.15,7.59,90,1134,4546,10.16,38.53,17.1,184.88
15.91,16.89,37.62,25.11,33,337,1747,10.95,37.31,2.14,180.87
6.15,11.23,20.0,10.91,64,349,1457,7.49,31.05,2.72,188.24
45.81,63.64,69.89,18.51,166,735,3534,20.48,45.16,854.02,266.95
88.84,66.04,114.56,5.73,196,2349,11090,24.23,67.19,1540.8,361.88
14.04,28.36,37.63,25.7,90,766,2013,10.58,34.02,160.27,230.35
10.02,11.26,20.0,37.32,28,221,1173,7.58,36.18,16.21,169.37
89.11,63.15,110.35,34.69,219,1299,7154,32.14,61.38,2.05,327.91
15.48,27.21,31.2,8.87,45,260,1172,14.2,34.57,2.63,182.51
14.52,43.8,71.96,16.11,26,168,1440,12.82,36.47,14.42,187.71
95.14,72.28,107.82,12.78,249,1160,7586,30.9,63.95,4173.45,322.31
94.91,67.78,114.84,24.4,256,2500,11806,27.29,66.99,25.27,361.75
9.06,25.39,29.41,17.6,64,381,2043,18.16,30.0,1143.49,212.4
76.59,27.5,123.1,34.77,205,1452,6431,18.9,56.27,705.73,276.89
86.49,53.34,120.08,23.37,214,660,6860,22.74,61.62,7.87,336.37
94.78,44.93,104.99,8.26,227,1918,9298,24.09,66.12,127.37,354.65
7.67,41.38,36.12,10.16,52,182,1133,14.93,30.0,2.96,238.14
95.12,56.82,101.83,61.25,208,712,5921,25.16,61.53,1515.29,363.45
91.33,56.44,160.13,18.17,227,1992,10568,26.24,62.55,1.02,343.31
29.52,63.32,51.28,23.01,73,916,4570,17.04,35.75,1141.99,247.36
51.26,53.26,72.54,6.67,131,398,3487,19.12,52.44,118.71,232.9
75.93,32.13,84.68,48.0,174,1356,6943,21.27,59.54,12212.11,353.16
55.59,43.6,65.87,7.73,163,850,4183,17.75,51.96,37.99,298.47
49.28,57.25,71.27,18.8,123,468,2788,19.01,45.7,1.51,226.91
79.88,31.23,145.61,15.63,196,1575,6690,24.58,62.81,11.9,319.52
41.88,47.18,56.28,27.38,129,1086,4972,16.53,47.85,10591.7,316.64
19.43,27.01,85.73,12.79,79,692,3191,12.22,36.26,1.73,192.64
5.0,38.75,36.3,17.49,80,459,2473,10.05,30.45,959.48,169.08
96.02,70.84,209.34,14.34,263,1381,10335,29.08,62.37,11.63,320.11
73.24,50.56,96.8,12.87,224,720,5919,31.14,81.05,4319.1,313.83
18.08,26.67,59.65,42.25,97,1096,3976,13.4,35.65,110.59,241.0
62.46,86.19,106.85,7.58,151,1616,8024,22.39,53.19,87.65,292.6
12.27,23.04,38.06,10.68,110,595,1765,11.01,36.7,2302.11,213.12
81.96,40.1,88.0,11.2,213,1786,8166,22.6,55.22,19.83,324.12
50.58,50.03,62.87,40.92,151,595,4164,19.09,47.37,20.96,280.16
51.9,52.35,62.74,30.09,116,1001,5843,18.59,42.29,3030.91,256.46
53.48,37.58,65.4,10.97,139,1455,6527,21.47,54.36,35.01,277.95
56.33,39.92,62.26,21.53,155,1900,8062,17.8,49.09,1.73,267.85
85.19,45.73,96.08,18.08,233,2456,11392,31.14,61.25,1488.75,358.89
76.84,58.94,135.23,31.65,171,1828,8693,25.45,55.25,3071.8,284.98
13.72,5.0,20.08,11.41,45,299,1519,15.98,33.18,807.52,196.2
15.89,38.99,34.83,33.17,65,594,2400,10.7,31.21,5.6,247.38
22.21,5.77,27.46,6.13,79,457,2003,11.55,42.89,5.28,201.51
13.99,9.78,20.0,9.11,74,462,2280,14.52,37.68,3.11,236.56
86.67,73.67,117.5,21.34,219,2361,10503,24.63,67.56,19.31,384.05
8.76,6.82,20.0,6.78,45,695,2360,9.48,31.58,5241.11,249.68
14.65,43.48,32.08,9.65,51,606,2564,11.74,33.11,357.89,159.71
92.83,70.33,106.72,21.55,248,2152,10349,24.6,65.54,54.19,389.41
87.09,74.26,106.16,46.63,249,2173,9579,24.24,63.18,57.66,353.87
10.56,19.8,22.71,7.95,39,449,1568,9.81,35.43,10.36,198.75
5.0,45.6,32.46,18.27,54,641,1385,15.66,30.11,4.66,168.59
45.19,57.01,123.69,12.06,140,620,4031,19.81,44.51,19.47,245.26
45.36,47.02,64.2,8.04,164,700,3991,18.88,47.35,2.08,281.81
5.0,21.74,215.54,61.03,33,540,1300,10.95,30.0,3160.57,245.54
9.99,5.0,20.0,36.01,63,492,2817,9.75,36.2,3.86,206.06
53.53,44.02,117.46,27.56,130,1260,6137,17.23,47.88,12407.24,266.91
49.11,51.28,66.13,26.55,150,347,3144,17.08,46.05,138.22,235.26
44.61,39.49,53.06,24.76,123,1076,4717,15.17,48.15,405.67,268.08
17.03,25.46,71.71,36.41,75,355,1423,11.03,41.04,16.03,171.69
10.22,19.94,72.99,17.87,56,703,1812,8.51,31.79,8.63,230.64
9.12,15.44,28.21,8.0,71,643,2935,11.31,33.16,1.51,171.52
98.05,74.28,137.53,9.26,241,2216,10184,25.68,75.46,764.12,402.1
41.38,59.71,70.3,13.83,134,605,4324,19.08,39.92,1.79,239.69
95.49,91.74,117.87,9.12,217,1280,8095,28.91,66.43,959.29,343.42
88.44,73.1,103.05,21.76,216,2500,10622,25.67,61.86,146.82,351.82
25.92,32.17,75.92,16.46,100,426,2408,15.72,38.51,5.56,199.6
44.08,39.99,110.24,17.54,102,694,4660,26.26,46.96,11184.73,235.25
50.63,56.51,68.71,11.0,153,375,3340,24.97,49.14,10709.45,295.26
87.13,86.72,114.45,25.38,224,2500,10683,32.04,59.75,4.08,393.6
54.69,71.31,75.44,5.38,148,525,3979,22.99,53.6,57.08,261.71
88.97,59.51,98.31,5.79,218,917,6907,27.68,59.23,567.35,378.57
5.0,44.05,33.29,14.9,42,132,1000,12.35,33.43,13.01,177.52
86.11,62.13,108.95,35.63,201,1447,7843,26.17,60.96,106.16,331.97
91.38,81.7,132.28,22.01,231,2500,11225,26.63,60.78,20.6,355.92
50.86,35.04,70.47,10.65,152,1211,5153,19.4,51.26,30.85,257.26
45.7,37.28,56.1,19.59,115,554,3241,22.19,52.09,13.16,258.01
5.0,34.42,26.3,11.7,30,376,1610,9.86,34.12,193.35,156.23
61.48,71.3,79.57,19.82,155,1120,5865,22.78,49.83,10.08,270.56
94.11,65.52,125.64,8.49,266,2500,11536,31.44,60.0,523.74,325.78
85.05,75.84,103.66,27.51,233,2009,9783,34.06,63.41,7562.48,334.49
9.06,50.19,59.45,25.89,46,263,2200,15.51,30.24,1.24,194.44
90.31,86.4,112.51,6.6,217,1502,8092,29.36,58.4,11087.12,343.51
50.98,34.9,82.73,30.63,107,452,3536,19.48,52.54,1.2,240.61
80.42,60.51,97.14,17.28,215,1089,6344,25.18,53.72,1030.09,310.69
57.42,47.33,78.26,5.0,194,1761,7295,19.23,51.33,24.6,332.0
47.6,59.66,67.95,17.26,128,606,3465,18.1,48.84,32.44,233.01
5.0,31.29,36.99,15.59,20,222,1213,11.84,30.94,207.76,156.96
84.89,70.92,125.99,15.01,260,1435,6587,25.12,63.96,1418.64,307.27
41.93,47.93,56.05,13.17,144,1526,6178,15.79,46.9,211.9,179.5
6.4,14.8,20.0,36.21,35,308,1000,7.86,31.63,6501.09,196.89
10.11,8.75,30.14,46.93,83,959,3801,9.99,33.38,2861.61,172.84
97.64,62.18,108.01,18.96,285,2500,11776,28.64,65.39,29.22,396.09
5.0,5.0,20.0,33.5,52,259,1399,8.94,35.72,6410.79,227.03
5.0,25.22,25.3,19.31,26,337,1000,8.5,30.0,2.2,198.56
79.08,24.29,93.28,14.96,197,1387,8061,20.49,57.75,3634.45,351.23
90.02,44.61,115.16,14.83,262,2500,10568,25.13,65.61,13.7,381.24
53.52,45.51,100.77,14.12,153,874,5539,18.21,50.24,188.65,290.25
96.69,70.96,107.47,35.92,247,1244,7197,34.38,68.87,1.7,327.43
80.22,52.91,116.65,5.72,184,1062,6204,21.31,59.85,14155.17,277.33
23.03,20.3,34.17,6.26,88,1022,4650,10.76,39.39,1.05,215.57
83.42,30.94,119.04,5.0,221,971,5799,21.53,60.46,8.02,293.92
23.14,40.02,39.47,33.26,77,759,3163,12.47,38.45,85.96,201.79
95.4,60.99,125.95,8.22,206,1811,10289,32.52,63.41,89.72,412.91
93.77,68.81,150.3,21.25,244,2189,9634,24.61,61.77,2651.17,367.09
39.7,39.21,93.9,10.15,142,1580,6142,19.79,44.72,3.53,247.53
42.43,55.56,73.72,11.98,100,1104,5231,15.88,42.85,13650.0,321.95
24.06,38.84,51.59,20.04,93,434,2848,12.2,42.04,1.46,264.28
48.58,29.65,88.68,45.51,137,1269,5972,17.32,49.69,2712.42,242.55
51.89,5.0,46.62,50.26,203,1704,7078,13.74,46.04,3989.34,270.25
90.06,47.98,92.89,14.33,258,1496,7358,26.4,64.75,59.76,371.09
6.76,9.47,26.51,10.46,29,164,1755,8.38,31.1,2.61,200.51
8.97,5.0,21.92,17.55,60,721,1894,7.27,34.49,3553.91,178.0
11.15,43.16,37.79,41.26,46,171,1000,10.5,36.3,48.49,213.11
91.46,87.42,111.24,15.67,235,1652,8016,35.0,65.03,2.87,304.57
21.82,47.51,39.58,7.87,77,365,2351,18.79,34.96,3637.73,246.21
82.96,80.52,104.7,10.23,231,2301,11351,24.84,59.04,18.97,382.1
56.31,48.97,114.57,33.4,128,897,4299,18.54,49.85,1040.01,305.12
49.83,42.21,66.73,22.83,186,1920,6915,19.62,47.19,375.03,286.66
9.52,23.51,34.67,12.16,68,438,1437,9.95,31.95,97.85,174.5
10.19,23.37,22.65,24.79,28,222,1540,8.83,30.0,434.95,223.61
87.02,77.14,130.45,16.42,225,2487,11264,28.84,59.8,2201.96,417.09
5.0,5.0,20.0,10.74,61,223,1000,11.0,30.0,33.49,164.54
40.66,46.35,67.99,16.13,111,658,3823,15.37,49.9,1354.18,277.68
20.57,47.02,63.73,21.33,90,498,2554,12.94,37.73,161.82,268.73
40.42,9.79,41.44,8.81,121,807,4109,13.21,44.96,7.37,248.37
50.64,40.79,59.33,14.27,166,823,4416,21.22,47.59,12.61,252.51
86.27,54.6,92.22,10.74,205,2244,10898,23.89,57.9,2506.27,339.39
49.8,65.93,72.01,5.0,141,1696,6996,18.61,49.55,476.65,280.82
15.23,28.86,26.51,29.11,55,306,1440,11.05,33.18,5764.67,232.2
42.62,62.74,73.58,22.09,83,466,2916,21.75,45.21,3715.09,294.6
55.46,38.78,69.01,17.7,175,1687,7254,21.98,50.99,12868.36,251.91
76.77,56.66,90.67,15.53,227,1000,5893,29.33,55.28,6672.02,288.16
55.83,50.51,73.3,7.67,145,1068,5290,22.45,55.43,107.44,265.95
97.7,84.86,128.21,25.92,263,1749,8280,27.58,62.76,4429.73,394.95
28.96,70.3,91.53,12.63,82,1010,5569,16.06,44.19,4093.42,249.76
46.18,49.9,61.41,42.97,135,1150,4387,18.15,49.31,11.66,251.21
13.63,15.98,30.43,14.97,123,893,3957,12.53,37.26,31.06,194.32
56.36,77.34,83.37,24.13,160,1023,6058,20.06,52.99,1.41,281.47
92.37,50.74,133.02,38.04,220,1799,9391,27.08,65.2,290.45,357.73
82.92,60.7,94.03,65.05,210,440,4392,25.63,61.66,421.19,344.26
83.37,70.5,101.85,24.47,229,1816,8552,23.49,62.77,11598.44,355.63
6.38,26.49,37.2,20.85,46,128,1080,17.31,30.0,136.14,179.18
50.6,53.04,64.64,7.39,167,1336,6532,17.56,48.47,1.47,250.39
10.93,19.87,20.0,19.41,20,230,1955,9.26,33.87,1.04,230.61
57.87,63.35,129.54,13.18,168,1856,8242,25.45,48.77,1.62,263.61
5.0,29.91,61.57,11.57,41,264,1336,18.84,34.7,6.53,174.35
55.31,51.49,73.95,15.06,142,1190,6219,18.82,48.5,275.82,315.7
17.82,23.88,24.51,21.24,56,363,2656,9.76,37.45,3364.22,217.39
72.49,61.43,153.36,7.4,162,1389,8390,22.24,58.61,2013.79,280.84
86.54,36.49,93.2,29.44,243,947,5896,21.08,60.84,5.0,325.12
88.32,39.55,111.64,11.6,217,2362,10615,35.0,66.78,2669.22,307.09
13.03,37.04,29.07,10.75,66,301,1000,12.06,34.06,170.9,173.56
85.27,62.84,94.15,21.38,242,1084,6228,25.27,64.93,3.84,329.48
46.0,56.31,71.17,42.57,104,606,4503,19.13,48.82,40.29,228.84
45.79,57.81,71.24,21.78,130,1181,4456,18.18,43.51,55.48,255.82
47.52,43.21,58.06,9.68,90,456,3275,16.51,43.24,101.07,297.43
93.48,61.16,109.66,5.13,245,2303,10564,30.52,65.6,605.01,394.16
11.9,22.51,38.45,14.19,55,207,1000,9.35,30.1,12.72,185.58
83.0,45.99,92.16,17.96,186,936,5507,22.33,58.63,2.22,264.28
83.0,59.34,107.1,63.72,226,2500,10251,32.76,61.31,31.85,345.84
6.16,13.49,20.0,8.85,68,628,2510,9.67,33.95,48.89,193.49
53.42,27.79,55.02,27.7,139,980,4955,17.97,49.74,2759.41,275.05
46.68,56.48,71.9,20.03,127,1220,5134,17.14,50.32,274.97,269.34
55.65,69.98,102.28,18.59,148,916,5341,20.85,50.53,8732.49,250.57
98.77,63.58,113.21,15.63,233,882,5950,26.28,69.58,1066.78,396.5
92.48,53.13,97.1,5.0,210,2032,9920,25.46,65.77,47.73,373.62
80.03,41.51,85.18,12.84,187,1818,8204,21.13,63.12,1.89,313.4
91.81,55.92,131.77,7.38,236,1175,6742,25.65,62.16,7.62,326.82
16.14,19.18,20.67,25.07,67,248,2106,9.16,38.2,7483.27,188.47
78.46,73.22,111.0,32.65,219,1045,5741,30.53,58.85,1.37,312.32
92.83,83.37,127.47,26.7,227,1260,7144,35.0,65.08,58.25,444.07
9.96,42.41,35.1,10.67,69,654,2887,12.29,31.39,30.59,257.87
7.47,41.43,27.59,18.01,82,381,1000,11.04,32.55,70.91,185.83
17.52,90.71,38.46,5.0,79,421,2098,21.02,38.25,9168.89,235.17
39.61,40.09,51.36,18.35,131,826,3960,17.5,45.05,13.39,228.74
86.9,91.78,112.36,33.79,183,2188,9667,27.88,62.62,3.27,367.31
52.88,27.71,71.54,28.25,169,468,2460,17.66,52.28,27.09,278.13
89.2,60.72,108.42,23.7,210,1203,7036,30.81,65.6,1.19,348.85
8.69,31.83,25.4,48.0,71,570,1822,13.12,32.32,1058.58,208.78
5.12,25.2,33.53,11.54,102,937,2898,11.72,30.0,1352.55,228.7
49.01,37.94,72.13,16.04,190,962,4942,17.77,51.07,5061.75,282.96
86.35,47.75,105.63,11.06,210,1371,8361,22.16,57.82,114.21,308.66
48.03,52.18,62.86,15.99,157,997,4310,16.9,43.95,2.18,264.7
57.16,48.43,91.7,11.24,144,1048,5406,21.49,50.45,2.92,266.88
5.45,34.65,50.18,23.06,28,377,1121,11.53,31.48,3.42,174.2
81.21,76.39,114.96,9.3,208,1273,7512,25.54,64.05,2830.52,373.38
10.46,33.28,46.55,15.58,71,833,3335,13.96,37.29,4.76,247.03
83.81,36.83,99.55,8.98,194,799,5126,23.31,61.02,4835.57,390.27
20.77,7.62,35.8,8.63,81,772,3615,12.71,37.62,22.24,209.89
7.5,38.48,86.35,15.59,80,433,2395,15.12,85.74,3.17,232.62
52.83,64.6,78.45,45.54,188,1791,8023,19.84,49.18,2426.14,274.77
48.89,44.05,90.76,12.51,122,1363,5807,19.0,47.92,13474.64,227.73
41.08,40.63,55.63,13.43,156,2006,7664,15.8,46.2,6.46,229.26
10.69,14.61,20.0,13.39,44,338,1969,10.57,34.86,15.91,206.38
95.65,71.25,107.09,15.49,291,1218,8710,34.99,65.54,11133.87,394.41
8.31,22.56,20.0,15.61,26,273,1364,15.86,30.0,64.31,213.18
40.66,19.72,49.81,12.1,166,961,4897,15.76,46.98,4334.58,301.91
20.13,18.73,26.9,13.47,32,270,1423,18.85,37.74,1506.75,150.0
50.3,30.02,81.79,20.18,130,1367,6855,16.14,47.22,64.82,322.14
54.29,35.95,62.05,30.75,131,970,5535,16.72,53.77,5103.67,294.12
92.92,75.93,120.88,24.1,195,2105,10186,30.07,71.64,21.42,370.85
60.78,25.72,84.57,15.08,157,1313,5406,17.12,64.13,1.49,272.69
50.77,10.33,56.89,7.49,122,1239,5685,18.89,47.3,100.97,265.9
27.56,26.81,36.32,5.0,102,1247,5288,16.09,35.37,586.14,238.24
81.23,34.39,79.9,25.63,233,2500,11019,20.41,59.08,1.55,332.26
47.38,53.79,89.88,40.79,156,1769,6772,21.54,44.4,216.99,261.24
16.15,42.31,34.72,8.55,73,730,2497,15.26,33.71,2.66,252.36
18.38,40.03,38.3,12.02,52,514,2717,21.19,36.6,6158.0,215.31
9.24,19.24,27.81,17.45,66,695,2355,9.23,33.61,1.89,185.29
45.86,42.95,72.18,17.27,151,500,3161,15.95,46.53,14027.26,232.43
44.24,48.7,76.76,26.99,108,708,3634,16.03,50.13,12487.36,289.98
82.45,78.03,100.89,36.05,202,1118,7145,26.92,56.69,29.46,362.05
58.92,52.74,78.09,9.68,145,570,4240,22.79,52.39,8331.09,317.88
5.78,23.92,20.0,16.48,48,282,1000,8.3,35.1,4603.24,154.91
88.62,44.98,95.47,16.76,211,855,5726,27.12,60.3,14737.5,374.97
24.63,25.33,42.51,29.83,115,1387,5544,10.97,39.64,22.94,259.6
88.8,95.0,134.46,18.26,223,770,4930,27.12,64.53,12582.66,386.7
9.08,15.93,20.0,6.96,48,237,1336,8.66,33.04,61.34,192.43
58.56,55.32,89.62,28.17,145,1260,5861,22.53,48.77,2.06,262.78
43.62,44.5,88.57,12.87,111,460,2381,19.62,46.4,6507.5,279.48
9.91,46.15,37.64,10.6,77,188,1042,15.1,34.37,5.01,210.52
80.11,84.37,101.75,6.5,192,1181,6216,29.35,60.48,32.25,300.15
46.66,52.22,68.14,29.86,152,1728,7114,20.15,49.93,4840.02,249.84
80.32,49.63,107.15,37.85,192,1568,7682,24.08,57.98,3895.76,328.48
8.16,25.76,34.88,10.54,25,238,1000,8.71,31.62,413.06,213.03
12.94,13.83,22.46,10.86,43,381,1331,14.64,36.38,1.65,229.2
51.36,52.23,93.37,15.68,153,505,3777,30.17,47.14,125.87,280.27
53.43,72.98,89.81,5.0,159,1903,7233,19.7,51.16,2153.86,244.09
82.52,47.2,104.41,17.67,214,2489,11203,27.43,65.0,1705.09,348.23
89.3,58.0,96.02,30.96,219,881,6630,25.79,66.37,9.67,355.65
85.71,75.77,136.57,11.39,202,1886,8941,24.5,65.26,3.59,347.3
58.05,44.68,64.45,6.81,189,500,3305,32.37,53.7,142.86,292.63
5.0,29.96,34.14,5.56,49,385,1198,10.35,37.59,39.13,178.27
16.44,25.09,29.72,7.69,39,455,2126,10.59,38.93,3019.05,213.43
46.96,21.58,47.12,7.37,143,1132,5715,17.39,50.07,42.14,259.98
40.86,53.38,57.77,29.32,162,1787,8142,16.97,44.02,419.69,248.24
14.33,39.31,32.99,9.73,64,221,1587,10.74,43.55,8413.95,168.04
84.94,60.26,96.38,24.38,211,2007,10081,35.0,64.94,30.27,332.71
12.33,41.24,52.21,17.33,63,339,1170,12.22,35.26,2.49,212.8
15.76,7.79,94.46,6.13,80,297,1798,8.84,34.9,8.54,208.82
93.53,75.71,117.66,26.33,256,2500,11233,28.16,65.26,13.85,357.68
87.45,79.06,134.77,10.37,212,2500,11332,33.93,62.27,1.0,314.18
51.54,38.23,88.8,18.61,114,908,5132,16.26,47.96,376.27,270.24
51.87,58.95,70.64,7.92,118,889,4933,20.23,45.09,395.85,301.75
97.93,52.86,103.86,6.19,248,2500,11751,24.27,63.94,2.66,354.15
76.62,64.89,112.99,17.08,224,2500,10533,25.4,54.93,121.63,352.09
87.55,58.88,110.61,7.06,234,2500,11134,23.39,64.39,27.25,341.58
88.42,58.73,95.04,10.88,178,1994,9759,24.61,66.16,485.9,278.81
96.17,69.98,111.5,49.31,253,1719,9450,30.77,67.66,72.58,380.04
39.57,30.83,73.75,18.77,94,622,4016,14.68,41.46,5478.22,245.76
48.15,32.59,53.83,8.13,159,1250,5581,21.18,45.7,195.1,234.85
91.57,53.44,95.58,10.01,220,2466,11211,28.92,62.36,127.66,328.97
11.93,55.62,43.55,13.66,103,1132,3991,12.04,32.86,3256.24,224.19
5.0,28.33,23.85,5.35,56,350,1000,8.4,33.08,14.37,180.94
10.38,19.47,46.33,16.31,54,760,2234,8.17,31.21,50.21,208.07
91.65,72.84,110.57,26.15,235,2500,11097,28.71,63.9,609.57,332.42
55.32,40.61,69.73,12.7,175,801,3206,17.55,44.57,790.5,262.34
92.82,39.63,107.32,13.86,212,1341,7717,23.02,73.78,85.43,325.78
45.31,56.91,66.95,14.73,137,699,4226,18.37,45.98,7.48,259.31
5.44,17.15,24.51,40.36,47,437,1872,15.81,32.42,5.54,221.11
5.79,23.65,20.16,8.45,20,200,1526,7.99,32.01,11.7,171.05
5.67,33.41,20.0,21.76,41,485,1667,14.42,30.0,134.11,173.55
91.47,87.93,143.92,20.86,213,713,5748,30.76,60.8,2042.25,372.69
47.46,18.95,51.72,14.76,126,1619,6828,14.16,47.42,2.66,305.45
9.6,30.47,28.87,24.75,42,437,2318,10.07,34.68,1973.34,191.52
52.45,49.15,63.72,38.1,152,955,5930,21.8,50.34,113.25,296.8
94.3,58.95,116.87,12.85,225,758,6407,24.86,67.64,5.13,331.29
30.6,30.55,56.94,16.21,93,527,2631,16.76,85.2,8928.75,248.94
79.27,71.2,95.38,15.72,198,893,5255,23.1,55.22,5768.63,312.17
5.0,21.46,26.06,20.54,49,542,1099,11.33,35.96,3041.52,188.9
98.06,64.59,107.53,19.03,261,2500,12000,27.78,68.25,24.01,369.64
39.69,37.33,47.49,8.03,103,1245,4415,17.37,44.79,798.83,275.35
13.49,21.72,34.41,15.17,56,432,2316,12.12,30.9,1387.81,235.49
81.74,66.63,133.5,11.84,212,1711,9145,35.0,56.3,1.96,296.81
88.61,53.94,97.34,17.07,198,1698,8714,28.58,54.45,3190.76,291.1
85.91,57.37,102.72,14.76,211,1045,6865,26.68,61.66,2.33,309.42
95.25,54.83,99.69,7.11,207,973,6802,24.92,62.76,21.52,345.07
61.6,54.66,77.73,10.96,173,1118,6073,19.76,55.26,9052.03,343.76
63.72,43.67,83.44,22.82,166,560,3924,18.47,53.98,11306.33,284.61
97.49,58.05,81.84,44.73,179,1617,6367,19.84,60.91,15.88,394.49
36.71,33.64,44.12,33.76,101,655,4128,18.64,43.39,31.39,314.44
46.32,38.89,68.21,14.8,169,1847,7604,17.23,89.13,1392.2,342.45
78.89,65.45,91.66,24.44,226,1124,6721,22.27,55.26,2.7,349.51
6.38,37.08,50.98,31.86,44,437,1078,15.85,33.82,958.2,160.36
5.0,12.42,20.0,22.02,20,239,1000,10.56,31.55,54.06,186.09
50.98,23.51,111.9,24.21,144,1249,5291,14.9,51.03,5176.1,276.31
86.55,35.68,102.92,26.01,213,2207,10920,22.6,59.75,1627.04,317.02
47.61,44.73,101.56,23.33,170,718,4126,15.97,46.39,1.68,254.26
15.48,16.63,31.81,25.16,29,220,1382,9.93,32.08,1383.46,220.91
48.72,46.48,58.72,10.18,103,802,2828,19.85,47.48,1880.16,302.5
84.62,67.21,95.03,10.74,205,677,5680,26.27,60.17,2.05,314.49
39.3,60.31,65.66,6.38,119,1470,5850,16.65,44.62,171.69,226.01
51.56,58.09,78.01,10.62,163,1500,7144,26.26,47.97,25.44,299.58
82.01,73.25,110.55,75.44,238,2029,8875,27.02,59.26,43.58,353.33
5.0,5.0,44.24,10.7,78,570,3009,7.93,32.53,14.47,177.67
49.3,38.76,71.73,16.0,132,1017,4528,20.67,44.88,830.35,248.42
50.53,45.91,100.56,7.75,170,505,3508,17.08,45.53,4970.19,258.58
7.37,5.0,20.0,14.68,43,129,1000,6.72,34.34,36.5,173.75
86.77,63.0,119.43,10.14,204,2351,10160,24.76,63.3,1193.46,311.44
82.57,44.14,110.87,12.07,187,1120,6343,21.39,60.97,353.08,305.98
5.27,32.67,38.27,26.31,34,187,1000,11.82,32.8,11.96,182.92
84.56,39.22,104.96,18.03,204,1389,7334,26.54,60.73,6005.58,311.38
47.37,44.36,60.03,39.78,95,711,3789,16.54,42.84,184.09,261.75
88.45,70.61,123.47,20.31,250,1948,9128,26.06,65.03,122.65,326.27
94.36,60.48,119.25,13.52,218,1244,7607,25.4,64.56,1.5,288.05
87.85,78.71,111.26,11.57,212,1757,9097,27.44,60.58,9738.63,341.29
5.0,5.0,75.33,49.43,55,152,1000,9.17,31.74,19.95,217.51
56.73,19.96,66.25,48.86,180,1033,5606,16.87,49.3,27.31,226.83
44.34,44.89,99.84,7.69,87,877,4531,16.04,41.59,305.78,239.86
86.22,84.49,110.86,10.32,201,1151,6611,25.64,66.93,42.01,355.26
57.79,29.74,77.97,18.67,172,1112,5579,18.92,53.24,1728.88,280.08
5.0,47.63,56.13,14.81,46,471,1009,10.03,30.0,370.51,194.69
21.19,36.33,65.18,13.86,64,372,1522,14.46,34.08,1.68,221.69
44.18,64.15,63.06,8.35,89,763,4502,17.68,41.57,2087.14,307.67
93.48,59.58,102.99,5.8,217,2376,10893,25.8,60.29,35.65,315.41
14.15,32.51,26.79,5.0,20,100,1761,11.1,34.84,205.14,159.98
50.33,69.71,86.96,27.31,167,983,5372,21.22,48.65,15.71,254.61
18.01,26.82,43.71,13.72,53,180,1000,11.41,31.02,5.84,182.84
97.73,47.83,116.12,19.55,242,1145,7744,25.34,64.78,1592.1,367.88
80.82,85.54,124.72,9.33,179,1420,7223,25.44,62.02,4.95,309.0
61.47,63.28,84.63,17.26,223,998,5281,19.89,52.31,849.28,295.55
75.09,34.46,74.06,10.13,201,2343,9191,19.16,57.07,24.08,301.48
96.65,59.88,113.99,13.37,255,1631,8786,33.65,66.68,2953.95,382.16
54.29,57.08,81.94,5.74,137,946,3916,18.79,53.11,19.69,298.03
55.05,60.78,70.81,5.0,152,1523,6557,20.66,50.49,8248.57,292.33
18.89,15.77,35.12,17.7,20,215,1000,9.87,38.5,46.63,178.32
41.24,22.63,44.3,9.64,186,682,2916,13.06,52.15,72.62,172.55
43.02,40.67,51.95,9.14,134,689,3542,17.37,46.64,23.55,231.17
49.15,52.79,63.76,10.85,134,1323,5238,18.89,51.79,5.8,255.5
53.0,39.91,68.69,8.86,124,1508,5976,16.86,50.04,18.89,298.17
69.58,71.81,103.62,8.7,201,719,5828,27.26,85.51,8.14,372.88
15.57,43.71,47.19,21.15,66,492,2500,19.83,37.71,290.41,191.59
46.2,51.94,70.0,10.0,86,763,4620,16.17,46.59,5.66,317.56
5.0,20.69,28.36,15.82,65,530,1256,8.05,31.51,5.35,165.84
88.91,64.22,99.09,14.92,267,1029,6946,28.11,64.33,1.0,346.25
5.0,18.34,20.0,20.42,55,532,1000,7.95,30.0,2.27,220.86
93.78,54.68,105.83,18.57,222,1320,8297,24.2,59.67,2237.76,357.43
13.5,36.53,26.71,6.54,43,219,2236,10.41,34.94,7.67,218.26
5.0,18.61,20.0,18.54,53,356,1093,14.78,31.03,2539.44,197.52
41.79,57.94,69.29,38.63,131,582,3401,18.6,47.14,3782.19,275.27
99.73,62.79,111.89,6.89,246,2360,11146,29.45,70.03,1645.96,412.69
86.36,54.37,112.96,20.79,201,720,6193,28.43,69.02,537.51,400.34
13.05,7.59,20.0,29.09,72,472,1826,9.61,38.17,76.26,200.54
82.16,46.68,90.15,11.88,197,1344,7095,25.51,56.25,7.64,294.24
16.73,8.21,20.0,5.0,67,212,1248,8.3,33.16,1.51,152.5
98.25,59.76,104.89,14.51,251,1897,9393,26.5,66.2,3593.97,365.59
83.72,79.13,124.17,30.03,258,1799,8277,24.32,60.81,442.21,353.5
45.8,56.74,61.54,32.95,147,1160,5304,17.84,45.66,49.38,300.93
55.89,62.24,93.72,8.96,176,1835,8219,22.31,48.89,8678.56,272.83
94.88,61.95,131.64,10.21,222,1574,8772,29.81,60.53,7.66,323.53
47.07,57.34,73.57,16.6,149,414,3019,16.83,44.24,452.61,285.16
5.0,11.88,20.0,30.82,20,171,1000,7.71,31.23,8.69,181.46
84.6,54.22,117.6,7.65,232,2500,11382,29.34,55.06,13.08,349.2
9.77,5.0,24.79,15.15,81,287,1156,9.12,31.23,9.92,190.39
47.76,49.61,84.09,19.19,91,1083,5529,25.25,47.15,42.59,270.14
44.64,41.01,61.39,11.69,172,1491,6121,15.17,45.28,1070.1,246.83
55.61,16.68,92.41,54.59,191,890,5453,14.81,48.07,10805.93,305.89
84.96,47.55,96.51,8.65,238,1953,9697,35.0,57.14,9769.28,371.23
46.38,35.7,84.56,8.74,157,1316,5065,15.82,45.04,11.97,202.34
13.48,9.9,25.53,5.76,50,181,1000,8.24,36.15,37.26,158.05
15.55,15.06,33.87,9.19,71,302,2063,26.44,36.04,18.27,208.32
78.42,51.78,90.82,16.42,236,1403,7674,20.97,58.9,44.1,303.45
5.0,5.0,33.64,9.24,51,331,1000,13.03,31.77,39.75,193.92
91.55,45.72,114.65,8.2,252,765,6266,25.63,63.76,16.48,395.55
91.8,68.61,118.76,17.4,228,1493,6956,35.0,65.43,8024.66,354.82
46.76,55.09,60.35,18.76,118,520,3726,16.5,49.45,6.71,271.13
5.0,24.22,20.18,18.34,20,214,1494,9.31,31.0,14.31,150.0
45.97,56.66,60.13,13.38,104,910,4663,17.8,46.8,49.66,282.88
46.75,58.27,91.58,20.11,106,1161,5639,17.02,48.81,2.67,205.82
17.69,42.04,33.24,23.17,81,646,2925,12.81,40.24,20.79,206.27
77.32,61.35,91.23,13.56,222,2271,10024,21.75,57.49,2.18,321.12
45.99,65.53,71.47,27.66,139,1557,5951,19.06,49.19,18.06,244.07
93.74,54.69,138.79,40.32,234,1815,8859,30.62,64.84,590.02,339.38
42.54,23.48,105.58,5.0,106,475,3231,18.08,43.03,17.35,203.83
48.67,61.78,93.19,60.6,104,334,2460,19.22,47.05,402.94,250.88
12.1,17.09,20.0,24.11,40,281,1191,15.53,38.72,8.2,179.81
5.0,5.0,28.31,7.86,59,561,2364,6.21,33.04,4.29,182.78
71.89,58.48,87.04,11.66,154,966,6575,22.21,60.52,3293.11,384.25
54.39,19.06,52.88,8.35,163,975,5948,16.7,51.95,36.79,303.56
48.5,27.28,50.63,19.63,127,1215,5635,15.11,44.95,2670.16,300.67
88.46,86.83,130.23,17.0,248,2345,10198,28.52,66.08,258.12,389.8
48.15,56.25,69.48,13.18,188,1999,8664,20.06,40.35,137.19,309.81
95.45,62.43,190.7,13.71,247,1566,8166,25.77,66.04,6.24,385.09
68.43,42.27,92.96,15.67,177,1243,6773,23.16,53.81,2.88,235.56
96.93,55.56,119.55,6.26,218,853,6982,27.16,69.69,2.28,358.53
7.89,12.64,59.14,25.58,23,231,1288,11.0,34.55,3841.66,177.97
19.04,47.75,34.65,19.91,110,836,2562,12.86,36.11,105.56,204.15
92.58,56.03,132.54,15.15,223,2359,10652,23.55,65.46,176.87,378.53
17.74,35.87,50.04,10.63,52,416,1759,14.34,32.48,165.81,227.88
55.37,40.75,68.23,11.41,139,1438,6702,17.51,50.89,1.63,275.18
49.4,61.43,102.34,10.7,148,857,4551,17.69,46.3,3.01,246.94
12.79,20.44,24.2,13.96,64,100,1903,9.72,35.04,6331.61,238.17
50.85,41.49,60.44,28.89,125,482,3595,19.77,50.95,1101.38,293.89
9.02,45.62,64.87,22.69,27,205,1660,13.09,33.28,723.63,169.18
98.89,88.45,131.45,18.41,278,1993,10476,35.0,65.63,5.72,379.42
87.71,90.2,108.36,32.9,267,2500,11649,27.68,65.66,6.8,356.7
96.39,44.07,112.41,11.91,254,2500,11134,27.79,66.68,5.58,340.34
81.21,86.98,103.71,27.17,233,2265,9531,24.49,59.88,1216.75,355.41
49.96,18.45,72.01,25.9,146,423,2999,14.25,47.08,6600.14,271.52
49.46,49.91,81.87,5.72,135,742,3780,18.18,44.32,17.04,262.22
82.9,60.57,113.29,13.31,207,921,6113,26.43,64.02,2.3,313.16
61.85,57.29,110.2,7.56,168,953,4740,23.13,51.65,14768.88,275.45
44.69,54.99,88.07,16.16,92,336,1993,16.79,48.14,435.71,274.76
95.81,63.21,114.69,6.17,209,737,6007,27.76,65.81,2501.84,328.83
12.19,32.4,25.09,7.95,57,572,2036,11.11,36.27,20.96,234.58
94.19,65.32,137.98,12.66,240,1368,8069,27.33,62.59,14.14,365.68
12.57,32.09,25.49,10.19,21,100,1000,10.54,36.64,323.21,176.89
53.26,70.92,100.99,38.19,145,1500,6534,19.47,48.01,49.99,338.11
53.71,77.88,87.75,15.51,159,957,5216,19.65,50.9,78.91,279.43
5.55,44.03,29.62,18.1,24,151,1217,15.2,31.07,1.24,219.36
5.02,14.0,20.0,9.02,32,257,1000,11.95,30.0,84.66,182.31
95.01,65.94,123.67,14.0,242,2500,10823,25.88,65.17,5.23,407.38
14.51,17.14,47.16,9.14,106,1215,4540,23.27,35.83,1728.31,243.25
5.41,19.28,42.35,18.75,43,100,1015,16.85,31.86,95.41,174.43
17.05,22.54,38.19,15.05,49,159,1377,11.94,34.44,4.39,170.53
14.34,20.2,38.87,10.69,61,410,1701,9.31,35.05,218.67,189.62
44.24,24.13,57.42,5.57,175,1326,6527,16.33,47.22,2434.01,253.51
43.74,38.18,51.77,37.84,139,620,3388,16.71,45.21,13416.55,304.33
57.0,24.95,62.65,12.65,143,1764,8727,22.95,53.4,1547.01,287.95
5.0,19.26,28.38,10.72,70,611,2288,10.4,32.71,12.38,194.78
7.7,5.0,29.5,9.77,43,100,1000,7.17,34.74,1873.7,186.53
10.42,5.0,21.02,8.64,64,390,1905,7.33,30.62,3010.59,182.54
85.61,50.39,105.87,17.47,226,1076,7056,22.73,61.63,11.93,322.18
96.8,48.58,119.26,22.56,200,1154,6316,24.29,65.14,21.43,361.33
47.41,60.4,99.66,40.96,98,482,2978,16.98,51.51,9.22,296.1
53.93,64.37,71.21,12.82,143,1433,6977,23.53,54.67,12.16,276.33
20.18,31.87,45.15,51.7,74,247,1000,11.93,34.4,26.71,230.76
14.13,33.86,32.19,34.56,62,365,2141,10.38,37.24,28.52,173.49
5.0,27.31,53.75,11.05,57,175,1154,10.64,32.37,39.65,193.31
52.24,70.76,79.99,16.08,187,1275,6729,21.33,47.52,454.63,247.91
57.13,74.92,82.49,11.34,125,1019,5085,19.95,43.46,8.59,254.0
77.96,48.95,88.14,16.24,181,678,6115,30.67,61.03,6207.72,312.62
78.88,67.53,90.28,17.17,191,2097,8829,25.57,59.38,8.39,367.9
58.16,58.84,71.79,8.43,114,323,3607,19.64,53.25,646.04,275.6
15.36,27.66,62.12,15.78,29,334,1595,11.11,38.23,7532.0,186.71
52.94,49.09,84.77,13.31,167,1663,6771,18.07,50.01,2.36,268.03
75.97,78.44,124.77,7.96,191,1448,6932,22.86,59.25,51.17,281.55
96.7,53.02,115.6,10.94,246,1401,8371,27.9,67.34,207.97,358.2
86.51,59.48,112.44,5.89,225,2087,9908,24.81,56.95,6.1,348.8
7.93,15.84,20.0,72.01,56,515,2697,8.69,34.23,12060.95,215.35
9.09,20.57,20.0,5.39,60,660,1917,10.7,36.67,20.36,229.04
90.54,59.28,96.53,30.23,233,2500,11307,25.21,62.74,40.97,312.56
45.65,42.01,59.13,6.76,133,1285,5750,17.46,43.26,6.18,272.84
22.12,34.31,37.34,44.34,73,747,3740,11.28,33.78,5.28,239.71
13.42,15.09,20.0,15.67,44,381,1183,8.46,42.24,301.81,153.41
46.03,31.29,72.52,22.26,109,434,3878,18.58,43.46,15.44,230.46
48.78,67.27,74.73,39.27,159,560,4379,24.08,45.88,23.46,268.51
72.41,56.96,84.34,17.82,193,1908,8956,24.53,56.5,10.99,304.02
13.5,8.36,21.57,7.33,104,312,1004,17.25,30.0,92.39,176.76
52.99,50.27,65.84,6.8,144,1054,5038,18.52,52.44,4793.45,252.55
84.28,95.0,130.33,32.29,197,1553,7559,25.36,65.78,7.57,328.0
49.71,9.9,44.14,40.88,93,581,3514,20.08,46.53,603.11,250.71
5.14,34.2,49.14,19.82,46,178,1000,11.25,37.87,1525.95,213.92
48.66,30.71,51.63,10.09,148,1530,5755,18.94,53.36,3642.25,245.18
48.41,65.86,85.1,27.41,126,328,2870,19.68,44.69,6049.95,241.9
5.0,9.77,20.0,14.4,20,200,1000,9.4,30.0,13035.47,194.52
15.34,33.29,32.71,9.39,20,197,1312,10.57,36.6,1.17,201.83
93.39,62.91,142.23,14.92,223,1406,7419,28.74,67.19,6.92,328.83
51.78,19.39,230.13,14.96,117,1411,8453,15.36,47.42,1030.2,254.35
51.54,97.03,67.8,11.65,119,901,5056,35.0,50.83,3.88,310.15
8.21,10.08,20.0,19.85,76,257,1295,11.05,33.78,147.76,150.0
98.84,55.68,70.7,28.8,50,283,1736,11.95,45.46,5427.26,320.62
90.25,49.48,92.43,20.51,213,1086,7174,22.69,67.42,1945.19,325.55
58.18,63.77,74.36,25.68,164,918,4271,19.39,52.44,625.62,301.19
56.81,23.88,81.89,14.02,158,617,3958,26.48,49.76,169.93,275.34
90.53,60.37,133.94,21.28,252,2500,11132,28.22,67.55,51.39,329.01
49.82,47.59,104.08,10.21,143,1565,7438,25.07,47.77,714.94,284.37
5.0,5.0,20.1,8.85,20,219,1000,6.22,35.92,38.79,191.85
7.45,37.26,39.12,21.55,44,100,1000,14.1,31.66,2.69,195.82
6.9,18.05,21.11,10.4,77,558,1063,11.0,31.81,28.72,153.34
46.09,52.47,89.83,24.45,159,1670,6356,16.73,50.19,1.4,276.91
21.66,5.0,93.8,8.98,77,514,2445,15.8,33.74,1346.03,202.35
7.25,17.42,20.0,22.6,32,318,1000,9.8,32.36,1162.24,173.75
35.02,27.45,41.89,8.53,116,556,2499,26.93,45.31,77.74,284.15
79.35,55.02,99.04,13.05,189,827,5219,22.34,59.19,2.35,371.63
50.2,42.5,59.53,10.08,159,717,4180,18.76,41.72,3107.82,302.33
18.03,14.44,47.47,16.24,62,553,2725,10.06,39.36,47.14,173.4
47.23,29.77,71.02,18.08,113,1339,5331,17.4,43.54,4.57,273.19
53.0,38.58,58.14,34.93,148,1565,7066,18.48,49.92,8166.16,272.78
48.94,65.62,78.03,8.58,171,892,4554,18.35,48.35,32.46,273.45
42.58,46.02,95.43,30.33,138,775,3333,21.98,43.03,616.5,238.07
92.97,63.72,110.73,6.37,246,1427,7721,27.17,64.08,70.9,339.55
91.27,78.93,120.63,8.75,208,982,6778,25.27,67.01,430.84,368.25
44.98,62.41,70.93,16.78,94,913,3892,20.28,45.87,3.46,218.21
44.29,47.96,60.89,9.75,112,1384,6358,18.7,46.21,2.25,252.36
52.55,47.01,60.98,11.68,169,628,4587,17.95,47.13,192.61,290.33
63.54,73.32,82.85,12.15,171,1691,7186,25.65,51.64,8.71,298.77
7.26,8.65,21.43,11.9,46,334,1000,7.93,34.65,111.46,250.78
48.47,62.6,98.12,21.62,165,1756,6609,17.28,45.52,40.12,213.23
40.11,48.99,103.77,9.7,61,215,2680,15.13,46.5,17.29,212.72
51.19,55.16,103.06,11.5,149,805,5040,23.45,47.64,9.14,277.0
72.14,61.11,124.19,13.92,248,2500,11603,27.27,86.48,1.05,316.62
77.98,48.97,102.42,30.36,227,1497,7334,21.53,57.97,1952.65,312.25
50.62,59.58,100.11,7.88,152,486,3460,23.36,47.65,14663.17,265.5
44.61,52.33,58.13,10.48,139,1205,5350,20.35,45.98,5.95,221.59
58.6,47.72,77.01,14.31,157,1101,5506,19.72,47.52,3672.48,268.7
92.7,95.0,115.0,34.67,300,2467,11054,32.21,66.6,9841.42,408.08
7.56,36.75,30.99,15.97,55,311,1000,9.59,32.86,19.07,150.0
5.0,19.85,46.22,12.61,33,237,1029,7.53,30.0,1065.74,150.0
6.15,42.51,33.55,15.77,20,100,1000,15.54,30.0,1034.82,219.99
8.19,15.23,20.0,8.3,20,100,1043,9.48,31.93,1114.09,215.02
15.05,5.0,31.52,40.15,64,358,1456,20.64,36.57,100.75,226.17
47.19,51.03,71.0,30.57,174,1636,7217,18.56,44.89,4176.68,249.21
12.21,30.12,65.13,33.29,84,760,3459,15.36,34.12,18.76,205.01
12.88,14.05,29.02,24.32,52,168,1000,10.93,35.79,264.3,162.92
21.96,51.04,39.94,7.27,79,1041,4360,12.48,36.66,1326.88,179.44
80.94,89.67,154.57,14.01,180,1735,8586,30.22,66.16,7.5,342.02
86.05,70.04,102.6,5.9,230,2288,10590,25.79,58.67,1.4,356.17
95.63,85.13,113.95,13.65,233,1046,6478,27.6,64.17,1.61,368.46
45.41,41.98,60.46,18.02,115,776,3842,18.69,49.32,3421.71,246.91
96.01,76.73,115.72,15.04,276,2500,11512,35.0,68.64,225.91,445.8
46.46,9.65,42.66,7.12,167,1390,5245,15.02,43.73,2.7,314.82
13.42,5.0,34.04,9.11,70,628,2995,16.13,36.88,9346.11,234.16
49.22,60.01,69.44,16.58,114,1523,6932,17.31,42.26,1.67,217.53
82.25,54.77,93.41,24.7,211,1719,8376,25.52,61.92,2.82,364.42
48.5,44.83,58.58,17.15,114,937,4335,22.46,53.4,126.97,253.16
96.01,49.96,112.04,21.15,243,2500,11076,23.67,66.15,5.25,404.45
84.42,57.79,119.96,23.17,172,1197,7548,28.44,61.07,1304.86,311.27
45.68,30.15,64.64,5.14,175,1781,6983,15.19,45.99,402.17,247.21
92.79,57.17,97.63,19.76,243,1128,6399,35.0,68.1,2048.04,343.61
8.93,38.99,25.16,8.19,53,335,2808,12.53,37.23,24.59,215.65
5.0,39.95,22.79,9.45,84,623,2173,11.34,30.29,634.74,204.19
83.87,72.31,124.54,21.83,256,1304,8039,32.32,65.42,1.87,395.94
24.03,31.58,43.95,23.27,45,152,1501,15.0,37.22,8.08,163.63
15.52,17.25,20.96,31.41,80,724,3084,17.85,30.0,60.88,216.87
44.58,43.51,60.09,8.79,154,1580,6477,19.61,47.98,8229.25,327.06
6.45,32.34,73.27,32.01,74,848,2440,13.4,30.0,6338.49,226.99
39.32,52.27,59.82,26.06,85,598,3058,19.57,42.4,1871.86,294.21
12.59,30.69,50.99,9.56,50,350,1627,10.96,32.87,6.54,195.36
10.8,35.25,38.73,11.43,34,119,1000,12.41,86.7,112.98,189.9
79.52,51.77,116.41,32.89,205,1754,8045,21.39,58.71,15.85,308.6
53.52,43.46,231.79,14.55,135,1803,10943,17.12,49.99,2.44,267.15
49.97,41.53,57.61,6.67,127,920,5197,15.97,48.77,134.59,284.2
5.0,10.63,43.65,15.52,67,727,1653,7.11,30.0,111.87,216.92
58.6,53.46,90.37,24.64,128,910,5039,18.91,50.58,363.3,269.33
44.61,17.99,53.47,12.67,125,1073,4920,17.4,46.83,191.64,285.59
5.0,5.01,20.0,10.79,52,221,1000,6.42,30.0,93.77,190.62
51.74,55.21,73.82,43.53,127,1128,6127,18.59,46.49,84.96,297.84
50.61,45.24,77.53,9.77,139,1553,6319,25.08,48.31,624.5,319.07
54.75,37.43,63.64,22.93,105,1018,5525,22.25,56.16,87.03,266.25
7.04,5.0,20.0,28.7,84,1042,3059,9.96,35.79,47.12,227.68
85.15,86.16,103.3,12.84,172,1137,6010,26.66,58.39,1.91,347.45
87.73,85.86,108.56,23.59,244,2499,11041,25.78,62.95,14392.62,377.33
51.01,22.9,70.05,5.0,188,1640,7509,26.57,51.08,27.32,251.93
51.88,48.82,64.2,11.84,150,931,4524,24.95,50.0,1353.38,328.25
80.98,56.12,100.0,17.97,212,1479,7462,28.56,58.96,17.02,307.31
5.0,16.29,46.71,30.87,28,274,1107,9.16,30.0,17.38,171.63
8.36,51.56,34.99,9.31,20,113,1000,11.14,37.13,3.09,196.91
87.2,51.6,98.89,29.78,217,2500,11394,24.15,65.25,9649.01,396.93
96.87,30.55,47.58,5.67,78,1034,4074,10.46,47.66,97.64,354.41
94.95,80.45,110.42,15.22,211,1128,6504,29.1,66.61,10160.02,426.87
18.52,10.46,33.33,19.55,50,415,2228,12.23,35.58,22.23,210.06
43.02,62.69,80.55,8.4,97,497,3261,19.73,41.35,751.64,250.35
12.79,24.79,35.4,8.94,24,100,1000,11.12,31.22,3.92,194.05
16.26,29.61,41.65,18.34,69,585,1656,15.53,34.54,5.02,198.37
41.62,23.96,70.6,16.83,122,481,2769,16.7,44.3,9153.32,256.15
14.09,5.0,20.0,8.51,33,147,1000,12.17,34.44,1515.02,169.01
50.63,36.72,62.81,15.93,164,1907,7472,24.89,51.61,1.39,314.39
94.52,76.58,110.45,22.25,229,1968,9507,31.57,67.67,829.68,348.31
53.97,28.83,66.74,12.47,229,1386,5651,16.62,47.76,9.47,271.39
86.76,74.66,102.25,12.64,239,1090,7377,25.72,58.75,1072.96,292.8
80.35,85.39,164.89,12.78,171,2109,8907,27.75,60.41,3.84,335.38
13.06,19.45,21.15,6.94,53,496,1777,14.2,36.42,3367.16,177.32
92.49,74.7,115.31,7.18,268,2500,10485,25.84,58.22,439.6,356.36
79.45,75.81,95.53,33.74,215,1379,6411,29.58,59.05,4.16,339.41
18.53,41.25,37.03,10.17,82,778,2921,12.79,37.5,368.93,236.5
84.69,73.84,102.94,17.67,188,1006,6549,26.13,65.56,82.9,356.9
5.0,31.04,28.63,30.47,52,764,2447,11.69,30.0,492.9,220.56
55.06,69.82,77.32,5.0,160,1222,5590,21.7,53.15,1.32,241.77
49.65,27.65,85.52,20.93,120,857,4585,16.53,49.81,1419.09,303.0
92.78,89.03,110.45,18.9,222,1983,9540,32.27,63.08,3788.09,378.86
84.49,85.34,109.88,16.92,254,1597,8509,24.57,63.11,2.99,312.37
60.41,43.86,72.8,12.93,190,1367,5831,18.46,56.19,549.28,332.38
9.94,44.76,50.29,47.77,37,100,1340,11.02,38.28,70.35,259.07
5.0,21.48,20.0,19.97,49,537,1463,8.29,33.17,38.25,150.0
50.34,22.8,71.63,8.77,175,1985,8132,17.49,51.33,174.49,296.96
89.09,79.25,109.16,9.3,211,1253,7341,28.82,62.32,1.83,284.77
48.03,39.11,58.89,20.63,145,1321,6712,18.56,52.31,7976.34,225.52
6.6,28.2,21.61,15.11,20,293,1000,9.0,30.0,83.2,235.32
11.17,5.0,26.19,16.94,46,318,1608,11.11,35.38,4285.17,250.08
7.91,13.86,20.0,25.83,45,428,1909,13.66,31.47,388.7,167.3
52.77,27.0,53.84,21.93,137,1174,6524,19.16,49.87,117.66,233.4
71.44,46.94,116.72,15.27,204,2500,10493,22.89,58.4,309.08,281.31
22.48,44.3,39.16,14.38,86,1026,4871,17.67,43.29,104.91,258.58
7.84,21.27,43.77,8.89,20,100,1000,9.53,31.16,18.97,169.99
91.31,59.48,98.95,23.66,225,1762,9036,25.1,66.95,296.51,334.16
46.02,42.11,83.72,20.25,172,527,3225,17.26,43.67,1741.51,325.66
46.08,28.71,53.44,24.16,142,1011,5955,28.82,40.42,1.18,265.83
14.72,43.21,50.22,34.01,44,553,2745,15.67,41.86,22.16,246.0
89.8,85.29,129.67,12.89,191,1058,6696,25.83,61.36,1.16,379.98
84.18,56.31,93.97,24.47,212,1336,7598,24.08,58.21,119.05,328.38
44.42,40.91,90.22,18.65,143,549,3862,15.08,43.15,10.07,227.36
42.87,18.49,53.15,28.44,94,1135,4457,14.67,48.06,10509.82,258.56
91.39,62.27,114.78,21.76,239,2389,11003,24.39,65.02,3.18,328.96
63.57,36.41,71.66,24.77,180,1439,7751,18.56,48.41,20.51,264.38
24.82,41.77,47.16,25.3,86,389,2203,17.67,38.78,4193.15,210.44
46.43,38.02,55.11,8.13,187,913,4918,18.01,44.51,3492.49,261.14
88.11,52.21,101.83,29.13,229,1991,9852,24.2,62.86,9.33,308.38
99.35,88.4,130.68,29.79,292,2409,10583,32.48,61.8,8702.37,383.43
89.82,53.11,103.55,17.91,262,2036,8958,23.9,63.28,221.85,337.98
96.56,63.03,115.48,52.79,257,2500,11156,29.8,64.14,216.04,385.29
90.4,62.84,103.37,6.89,255,1663,8607,24.44,63.99,154.72,329.25
5.0,5.0,20.0,9.68,44,477,1080,9.66,33.04,51.32,184.06
5.0,7.22,20.0,20.54,52,353,1067,9.55,33.64,5662.78,189.5
53.58,27.82,88.03,12.43,182,1797,7765,18.7,49.95,406.15,257.78
14.48,43.86,39.06,34.59,44,555,1258,10.71,37.74,4176.15,216.57
7.57,36.88,32.38,21.65,58,600,1836,10.66,31.36,439.44,188.49
19.12,45.31,68.18,16.81,126,1302,4231,12.26,33.77,1.11,178.67
5.0,43.02,66.61,18.27,58,360,2133,9.8,85.03,5764.21,203.74
49.68,64.91,81.97,11.63,153,721,4247,18.78,43.81,2.68,210.35
40.59,58.96,58.35,15.95,125,672,3254,16.09,41.56,5.34,246.59
6.82,25.02,20.0,10.84,20,181,1261,15.26,32.54,36.94,204.75
14.26,67.86,41.67,22.12,98,1193,4629,17.25,37.83,197.36,185.26
53.85,43.81,108.11,17.31,169,734,4328,18.84,46.93,4790.5,302.39
56.09,38.45,85.76,10.75,117,1335,6859,30.22,45.43,1149.36,270.46
21.88,24.01,45.31,11.5,69,184,1940,11.67,41.48,22.43,217.29
92.59,89.63,133.53,36.1,201,804,5909,31.3,60.11,55.87,352.83
88.22,37.71,86.42,10.08,260,2294,9413,27.93,63.95,1.25,322.62
51.82,51.03,64.35,20.13,164,1330,5442,17.49,51.5,336.55,283.92
12.3,23.41,32.26,8.95,39,422,1177,10.77,36.84,56.42,212.8
56.97,51.08,67.58,16.09,143,877,4902,18.03,48.36,4516.8,330.66
85.75,47.78,99.83,27.26,182,1751,8472,27.23,61.07,2141.85,328.32
8.17,23.47,39.8,7.37,73,741,2876,12.22,33.58,1297.33,161.9
58.87,63.14,81.74,32.5,157,1941,8474,24.38,49.28,166.63,287.64
5.0,17.65,20.0,14.72,67,637,1707,7.18,30.0,14654.48,201.17
53.68,31.11,67.27,13.19,173,646,2812,19.51,52.09,27.32,244.34
99.11,74.7,123.95,22.33,246,1916,9012,31.65,66.59,21.03,374.88
93.08,64.3,106.34,21.79,187,1654,8910,24.9,60.78,3.46,363.12
86.12,73.91,101.47,35.83,263,2500,12896,27.76,59.59,184.66,364.79
97.19,74.75,128.01,9.34,222,1904,9367,28.84,70.49,8160.31,435.73
83.05,57.81,147.96,12.89,270,2275,10643,26.1,60.64,176.61,300.77
5.0,10.12,20.0,15.8,20,429,1719,8.72,30.0,5635.38,191.78
88.15,40.55,130.07,17.0,207,1352,7410,21.69,62.62,57.25,335.21
58.88,53.65,82.68,40.15,151,526,4176,19.87,50.35,58.1,324.24
11.12,27.61,20.74,8.3,72,828,3350,13.4,32.88,1.64,193.71
85.17,72.88,110.29,14.51,201,2180,9563,31.22,65.98,2484.13,336.13
86.43,49.84,112.19,25.27,190,1077,7013,23.24,59.35,5.36,337.8
9.97,43.92,47.56,17.77,99,754,3305,10.66,30.0,838.64,220.7
41.33,35.28,51.44,17.37,95,210,2124,18.85,39.5,1.85,257.24
85.32,81.04,117.3,6.54,213,2154,10788,26.66,63.43,223.73,365.45
10.68,29.24,38.16,11.47,28,100,1000,10.37,33.38,329.31,161.74
91.98,73.38,135.6,40.99,195,1171,6541,35.0,59.06,1.18,373.72
93.07,64.77,142.28,15.19,230,1055,7349,26.19,68.6,11.44,329.43
9.94,15.81,20.0,12.93,65,634,2163,9.88,37.48,6.05,166.28
5.0,30.95,53.75,39.32,62,547,2115,16.41,35.22,1542.05,205.98
6.84,17.08,27.33,11.34,60,666,2457,9.24,34.24,5.24,179.47
59.33,66.06,101.1,31.76,153,917,5426,34.4,51.06,10128.82,295.63
92.31,56.67,101.28,19.22,223,2103,9993,28.22,60.76,125.22,384.39
86.45,47.56,114.25,17.78,225,1283,7280,23.2,58.82,331.58,308.69
16.8,12.36,23.25,13.77,88,603,2574,9.54,30.38,176.51,204.03
40.11,55.02,83.86,23.24,148,1089,5803,19.46,43.6,4076.03,247.07
42.54,61.24,67.74,8.78,140,863,4534,16.62,43.22,421.66,240.91
89.41,47.01,126.27,7.84,199,2121,10173,29.02,59.82,1659.43,397.33
57.58,51.0,69.28,10.63,206,963,5510,22.37,53.71,2752.46,236.47
88.92,67.96,100.87,22.75,258,589,5078,24.35,62.68,12451.19,359.71
43.47,26.91,49.09,18.71,149,1066,4683,15.79,43.85,15.88,307.76
48.54,50.47,66.94,10.89,152,1572,6061,16.39,50.92,29.15,246.65
56.25,62.35,95.85,15.32,162,1811,7981,18.67,52.48,6352.23,293.55
47.5,49.25,90.58,19.48,163,1183,5680,25.38,48.89,69.22,261.25
91.16,94.19,111.22,69.84,202,1083,6990,27.79,65.24,3.3,420.63
82.21,51.94,99.23,30.9,192,879,5499,25.42,60.64,136.06,281.73
15.42,34.86,36.77,16.25,112,440,2360,12.0,38.51,1218.49,201.83
20.21,65.59,47.95,12.03,88,702,2701,16.88,32.78,1.0,218.73
5.31,9.29,20.0,6.99,34,236,1088,8.17,30.88,680.47,225.94
94.56,74.1,105.41,11.37,230,2500,10439,28.06,67.67,6.01,347.27
48.47,38.52,57.03,23.6,160,1754,6441,15.49,46.37,2009.16,261.44
17.68,5.95,32.1,14.45,92,485,2602,9.84,34.21,8.01,263.81
84.25,73.36,100.56,9.01,210,1549,7904,27.88,63.5,5.36,265.8
45.2,52.63,60.65,19.6,193,1164,5227,16.43,44.12,177.09,263.09
12.25,49.45,84.21,16.14,60,250,1408,11.31,30.99,2448.28,225.77
98.11,51.93,89.78,5.0,180,439,4393,24.35,68.65,6503.42,336.06
96.08,73.57,110.85,28.31,247,1609,8414,28.46,68.86,50.42,356.92
12.94,37.04,30.24,6.26,54,476,2329,10.79,40.25,511.33,205.21
94.98,74.58,106.11,11.11,252,2279,11042,29.72,65.9,2.7,339.49
49.11,60.22,75.67,18.86,156,1248,5925,18.9,47.88,219.32,194.73
5.0,27.47,23.55,14.81,64,338,1237,9.33,35.69,3215.34,206.81
82.03,66.85,93.72,20.47,198,1243,6523,23.63,59.78,32.29,266.72
56.18,58.31,74.76,33.21,134,1037,4985,18.19,46.26,153.01,308.25
5.0,13.18,20.45,16.61,22,100,1000,14.52,35.84,14.33,161.04
85.52,61.13,109.4,34.47,214,1327,7447,25.81,54.55,8945.68,314.69
52.52,48.14,142.55,24.29,116,990,4883,16.76,46.22,2.32,233.97
8.35,53.4,31.35,38.53,41,100,1000,11.7,34.44,4338.54,187.81
90.73,57.93,97.62,10.0,263,2009,10282,30.95,66.57,1265.07,314.88
6.57,11.44,31.79,31.91,36,128,1000,7.83,36.65,591.48,191.49
23.82,32.37,54.84,9.41,85,881,3265,11.78,32.72,28.66,198.02
12.98,96.36,49.39,9.81,41,220,1000,33.12,37.27,6367.24,239.72
49.79,55.27,73.24,27.42,159,927,4529,18.97,43.86,7852.94,263.69
93.47,76.18,109.23,28.02,303,1300,7646,30.62,67.83,18.8,299.37
18.75,36.66,30.24,13.46,54,500,2507,12.36,33.79,2.17,203.52
40.47,53.41,57.3,50.31,107,701,4244,16.94,48.2,5.37,216.68
88.63,71.66,135.23,56.22,252,778,5751,27.34,61.97,48.92,366.97
59.94,44.21,66.76,21.37,150,938,4714,19.89,49.83,50.88,306.69
90.53,49.83,119.59,18.81,225,1352,7770,25.36,66.69,1.05,337.1
17.53,23.0,23.89,22.98,65,193,1238,13.01,32.42,4.78,219.13
51.01,53.03,65.49,13.04,181,2092,9751,25.24,45.82,10534.41,292.54
42.08,10.06,68.6,13.63,148,547,3839,19.24,48.43,2.76,222.3
5.0,35.29,26.34,9.48,46,242,1248,9.55,33.61,28.42,250.61
83.27,40.12,98.65,27.4,187,1635,7733,21.66,60.81,277.57,325.12
83.71,67.7,100.23,37.97,204,1043,6200,23.45,58.56,448.85,319.39
50.51,40.84,75.04,15.03,138,461,2980,22.44,49.19,244.54,259.81
5.0,24.39,20.0,6.74,93,410,1824,8.0,37.13,3.24,203.91
50.86,17.37,47.91,33.96,141,1609,6642,14.41,52.27,1.35,303.8
92.29,73.83,118.67,10.06,209,2308,10934,25.95,60.81,38.32,331.4
89.0,87.29,108.42,7.83,229,1946,9562,27.18,63.65,15.25,347.51
91.05,64.13,146.01,21.12,184,1391,7536,24.5,63.97,10.5,311.67
77.85,85.75,99.92,13.0,183,637,5636,23.61,61.26,666.57,372.34
91.11,71.68,114.38,39.19,205,977,6344,26.83,61.77,513.54,368.24
5.0,24.02,40.88,9.44,25,205,1108,11.0,30.0,62.02,206.57
87.79,65.11,100.87,25.93,224,2500,10742,29.27,61.66,1.88,380.3
23.31,19.53,36.89,13.68,52,298,1000,10.49,38.38,193.06,150.0
18.64,35.43,32.19,9.56,69,484,1560,11.97,37.12,11.46,156.64
11.67,14.25,35.02,24.97,29,389,2345,14.23,32.64,10554.92,197.84
16.02,41.38,31.49,15.58,62,627,2841,11.35,34.58,7.59,181.88
70.78,53.64,85.23,67.4,208,1159,6550,24.34,56.78,3861.98,336.42
37.58,47.82,52.92,5.0,103,497,3065,17.83,41.86,13576.65,288.06
5.0,5.0,47.8,28.09,69,216,1000,14.9,31.9,11.77,224.0
92.68,84.19,195.85,24.94,198,2167,10541,26.69,65.87,537.61,348.69
9.15,51.79,35.67,12.14,50,720,2432,11.13,30.0,861.13,168.87
53.67,50.46,74.89,13.2,222,744,4762,19.74,46.38,2575.58,268.36
92.11,62.83,115.74,11.5,266,2500,11124,26.98,59.99,154.75,359.1
47.69,49.72,75.13,28.0,139,1563,7036,18.27,45.53,10929.04,302.07
46.17,18.47,57.77,31.49,134,1172,6556,20.83,49.4,10720.47,271.41
61.49,71.51,96.36,5.0,104,777,4334,20.81,48.53,5.07,280.22
13.01,55.19,51.33,34.44,70,713,2659,11.99,38.63,19.52,196.83
86.38,67.86,100.83,14.67,238,2500,11424,26.16,63.9,1435.67,396.75
45.56,69.92,71.2,18.57,103,896,5373,25.13,52.24,10520.75,284.53
18.33,21.51,27.1,17.7,61,638,2825,9.71,33.98,316.78,227.89
10.42,44.79,41.18,21.1,20,236,1338,12.99,36.09,303.52,217.63
71.35,62.95,95.44,12.99,190,1776,8122,20.81,62.47,1.33,278.44
8.98,38.07,43.39,25.31,39,171,1408,13.71,30.0,699.11,236.72
11.69,6.44,36.46,10.31,85,838,2958,8.62,34.37,13.4,181.82
95.04,96.07,100.5,8.12,218,2128,9792,35.0,67.46,166.2,362.91
88.18,62.71,151.34,35.45,209,1670,8282,28.09,61.35,1586.42,272.21
51.9,40.4,82.54,43.99,174,1487,5650,16.39,48.21,16.45,271.95
10.87,11.72,20.0,18.91,20,100,1401,8.49,35.99,3.19,155.26
92.29,57.62,105.76,13.16,228,1462,7689,24.42,62.51,1.06,335.22
46.26,27.91,48.52,8.11,122,1340,6455,25.01,47.95,634.55,208.65
41.04,42.25,55.6,88.7,128,448,3600,17.13,45.47,923.68,296.7
13.2,24.6,28.63,8.51,30,100,1144,11.29,38.11,17.99,160.38
94.7,59.47,100.18,46.13,262,1833,9006,27.91,60.99,143.64,399.76
96.35,53.71,104.63,31.4,278,2500,11056,24.28,65.88,211.1,371.64
5.0,30.88,24.41,8.31,68,537,1000,9.02,33.5,79.93,212.41
49.63,30.58,52.15,12.2,137,1014,4507,18.55,47.99,444.52,288.77
50.32,58.85,71.57,38.25,151,766,3955,17.55,52.87,25.05,266.31
96.75,58.69,103.69,8.33,233,1621,9261,32.1,71.54,6.53,350.22
97.57,73.59,152.56,8.3,253,2500,11026,25.97,66.54,5.72,398.73
48.86,5.78,46.32,9.66,57,367,2971,17.21,44.26,4793.32,312.31
25.76,5.0,27.37,8.77,82,757,3801,22.28,39.84,34.06,216.97
76.12,59.37,97.75,6.44,230,1582,7986,24.86,54.57,728.88,317.33
53.79,57.86,74.56,15.25,93,909,4520,22.19,46.54,610.54,240.29
18.7,33.98,31.54,19.67,73,628,3042,14.79,35.67,384.03,150.0
87.46,60.34,118.9,11.94,224,933,6713,23.62,61.43,24.91,401.81
19.38,5.0,38.41,28.19,111,754,3105,11.82,40.94,5.57,166.6
79.81,46.47,110.87,42.61,226,2302,9989,22.4,62.61,21.18,330.54
9.31,13.2,20.0,21.41,39,500,1713,10.79,30.84,7.78,150.0
53.69,46.45,86.95,14.37,153,900,4994,20.27,51.76,232.02,320.27
47.18,29.43,106.41,9.31,110,755,4185,16.51,55.98,61.46,323.53
17.67,5.0,62.75,17.37,53,343,2195,11.4,37.29,5.17,226.75
95.7,63.6,116.48,24.11,254,2197,10911,26.49,67.58,14.71,351.71
52.11,28.48,55.46,13.26,129,1283,5671,15.65,48.26,595.88,280.12
47.88,34.83,75.31,13.08,172,591,4073,15.05,44.0,5.42,227.91
97.1,59.51,106.4,5.0,243,2060,10625,25.48,66.51,1349.05,376.81
97.8,79.41,110.89,28.45,235,1066,6926,27.11,58.38,375.16,344.29
84.2,60.99,125.65,17.2,162,1291,6995,24.12,60.9,3199.33,336.21
93.78,46.37,93.85,10.5,264,1082,6468,23.32,65.68,2352.71,420.47
24.38,28.15,64.4,21.49,77,558,3189,11.32,40.17,4.93,223.0
88.23,95.0,144.94,21.56,189,1230,7709,30.35,66.45,569.58,383.45
97.42,57.22,113.66,16.51,252,1451,8009,24.44,67.39,1.93,348.65
94.06,52.28,134.73,16.42,198,1817,9024,32.97,67.96,2094.84,321.37
11.71,48.0,39.73,25.65,94,531,2465,16.51,34.58,200.82,221.63
81.22,56.68,91.42,17.72,164,504,5293,21.88,65.57,827.15,425.7
9.34,5.0,20.0,51.13,44,269,1061,11.26,36.23,259.5,177.03
98.94,43.85,116.04,12.42,267,2500,11719,28.33,65.11,3277.01,359.75
95.66,80.16,131.96,29.71,209,1143,7393,27.06,65.14,9.57,300.37
91.68,77.92,131.18,36.03,244,1687,8576,25.31,64.88,1122.8,347.47
5.0,20.23,24.04,36.14,20,126,1000,9.94,34.66,4.36,156.76
59.6,7.81,89.97,38.74,139,846,4839,20.93,54.79,1.3,295.89
83.71,74.26,103.25,20.42,202,1968,9366,24.54,65.98,539.79,335.0
84.04,48.43,87.2,11.97,190,848,6357,28.02,59.65,472.0,335.8
11.2,34.55,27.75,14.52,23,100,1000,10.58,35.95,236.67,162.38
94.12,62.35,111.39,36.58,208,1920,9542,27.33,69.6,4871.22,326.54
57.37,49.19,76.51,10.99,156,1101,5635,20.31,54.38,9.34,276.79
54.3,39.75,99.55,16.22,100,539,4048,18.66,50.94,8403.39,272.76
48.72,46.98,59.35,24.77,188,1685,6387,17.49,49.73,63.77,313.57
12.11,19.2,20.0,6.63,78,389,1951,12.28,33.23,410.38,274.61
61.43,72.21,94.76,27.68,178,1104,6149,23.79,50.56,115.95,273.02
41.06,48.62,64.68,55.3,196,2056,7805,17.15,82.01,1.74,262.91
57.38,31.82,62.8,22.49,153,686,4737,18.05,55.35,19.92,308.37
88.58,56.13,98.91,13.34,205,1680,8517,23.22,60.31,137.09,334.48
54.38,44.17,65.62,16.14,179,953,4955,17.33,51.34,2.4,287.47
36.83,27.99,48.68,42.52,144,1353,5940,14.12,45.84,1.95,206.06
79.99,68.39,110.62,19.81,199,1563,8820,23.1,59.15,9.19,345.78
16.64,65.2,51.91,30.83,41,417,2576,13.56,37.85,9.5,209.98
9.12,12.89,212.51,79.88,49,223,1300,7.52,30.96,37.89,242.32
84.85,55.42,100.04,12.58,189,1376,7736,25.38,61.58,815.65,355.85
86.74,64.99,110.24,52.41,267,2500,11213,26.73,60.28,310.67,422.82
8.83,5.0,30.27,10.9,20,258,1092,8.74,35.24,83.0,168.42
6.21,26.26,20.0,10.1,21,100,1000,9.21,30.0,9.11,186.12
57.17,35.19,61.46,41.07,132,1500,7194,22.26,47.26,14.91,287.95
88.66,78.69,111.25,17.26,211,2500,10476,25.19,63.99,4133.02,419.08
58.64,75.23,88.64,13.2,153,1009,5455,21.14,52.62,4278.35,266.79
97.6,77.03,111.22,11.74,252,1075,6804,26.55,71.03,12667.43,428.19
5.0,5.0,23.56,59.07,38,313,1543,11.6,32.49,57.09,201.27
14.65,30.94,32.85,25.67,70,309,1297,11.69,38.54,8094.71,203.99
77.27,41.46,78.53,7.22,214,1170,7353,21.19,59.96,10569.01,299.85
6.81,12.84,20.0,9.17,88,832,2947,7.78,30.56,1.99,205.06
7.66,37.23,33.72,16.33,73,467,2035,9.83,35.69,841.18,180.63
87.99,51.53,102.75,5.0,222,1897,8955,31.55,65.76,230.69,345.21
6.57,19.31,28.98,26.26,66,525,1000,16.22,32.1,1.56,195.7
17.93,49.25,87.59,16.56,40,562,2271,11.66,36.26,3.38,222.44
87.86,69.44,100.17,10.17,238,1801,9277,26.15,65.19,13725.1,361.29
61.45,42.08,120.9,39.02,142,1519,7256,20.8,56.85,3389.16,266.88
5.0,23.27,46.1,9.44,20,100,1000,11.08,32.52,3.72,228.28
18.88,25.14,27.94,5.0,63,490,1823,14.33,37.68,745.86,224.01
8.55,49.39,48.71,7.63,45,278,1411,10.82,82.8,299.76,248.66
9.82,12.99,20.0,9.68,69,525,1237,7.89,35.2,975.42,209.97
17.91,36.54,55.73,14.88,48,308,1413,13.49,40.93,2224.57,190.2
89.27,70.5,109.54,12.83,229,1716,8471,24.5,68.09,211.25,313.78
81.99,66.81,98.53,9.81,246,1949,8257,25.83,58.04,5236.7,344.86
54.61,53.57,81.43,20.04,167,1725,7499,19.48,52.8,98.65,265.83
14.36,57.2,36.62,10.02,80,346,1914,15.77,32.3,3032.0,188.06
43.28,28.14,52.93,17.21,138,1715,7142,17.33,39.75,141.1,250.44
88.69,38.87,88.78,9.11,190,1627,8353,32.35,64.41,378.07,337.79
94.85,64.22,119.64,69.38,231,2201,10912,30.26,63.11,21.12,365.12
45.26,48.99,58.26,24.31,161,1472,6686,19.43,48.32,13.13,220.89
95.52,35.5,125.57,11.08,241,1623,9081,23.22,64.15,1.19,373.3
22.49,92.54,59.31,22.34,88,491,2521,21.96,36.25,1017.48,216.03
58.02,38.39,68.56,14.62,183,1120,5786,21.33,50.03,1.26,277.08
84.08,75.09,108.72,65.87,235,2168,10979,26.49,60.33,9596.13,346.39
16.06,5.0,20.0,28.89,76,495,2378,8.86,33.91,510.55,248.99
82.32,42.62,96.4,6.69,238,1992,9737,22.27,63.12,4332.17,337.53
84.04,51.82,128.13,24.33,216,2069,10382,22.12,64.09,334.16,309.36
5.0,41.43,22.33,19.03,37,193,1000,12.96,34.33,3.58,150.0
6.1,26.97,43.39,6.97,64,505,1000,17.82,30.0,3640.04,232.98
94.38,78.85,118.6,46.22,215,2500,11648,30.32,59.51,19.61,365.8
11.99,50.66,48.5,26.82,80,450,1494,18.52,36.39,1.21,176.3
96.9,88.63,127.68,16.43,242,2027,10627,30.65,66.56,137.34,384.91
5.0,36.95,20.62,21.39,63,633,3104,15.55,30.0,80.57,203.92
12.08,37.16,34.32,14.26,63,652,2303,11.82,32.81,4.06,225.68
45.51,19.68,52.38,42.39,161,970,4377,14.62,44.03,683.61,257.27
83.87,58.7,108.7,20.4,244,963,6196,25.79,63.64,2156.69,337.23
52.25,50.16,65.81,20.64,136,1392,5411,19.11,45.13,8.76,292.69
48.45,30.21,52.06,7.66,129,1505,6619,15.0,45.69,3.67,240.17
7.26,10.13,20.0,31.85,80,300,1000,8.54,30.0,8.64,187.68
91.98,92.0,117.12,24.55,231,2474,11018,26.59,65.8,55.04,363.83
13.83,32.52,25.7,5.0,52,253,1000,21.36,38.35,23.25,150.89
17.48,5.0,20.26,41.14,51,240,1000,9.28,37.87,3171.12,204.82
6.81,5.0,43.87,17.1,34,132,1000,6.58,36.04,117.55,155.93
53.87,43.66,74.24,14.96,161,829,4162,17.96,53.34,8.22,271.58
83.17,66.28,141.24,11.35,181,2006,9699,26.58,62.85,22.1,327.72
9.2,23.72,20.0,23.67,23,264,1848,9.45,34.86,30.54,218.47
43.34,56.06,61.68,8.19,147,1469,6828,16.35,44.48,22.25,221.49
90.28,89.41,121.08,10.82,225,1369,8444,31.35,68.04,7463.59,426.07
10.66,22.94,21.42,35.45,47,347,1541,12.75,32.09,958.87,233.93
95.16,51.02,100.37,30.53,260,1678,8775,25.02,61.9,223.56,337.01
81.58,66.99,249.15,5.62,196,1937,12040,24.3,58.3,91.43,315.57
19.07,38.38,39.32,33.56,74,902,2611,12.48,41.15,2.5,187.36
82.58,62.64,91.97,10.77,214,702,5944,30.21,58.01,7738.55,348.02
7.37,39.72,28.27,7.46,53,225,1150,12.57,30.0,1441.58,204.26
47.35,67.1,103.63,15.03,119,884,4845,19.97,47.92,1.44,236.39
54.35,60.76,72.88,5.0,139,945,4679,20.61,46.9,2013.24,289.71
11.42,27.54,21.98,39.71,98,1184,3366,11.79,31.18,153.81,177.68
8.81,5.0,20.0,31.51,20,246,1000,7.12,30.62,4.1,168.87
6.48,21.9,20.0,10.27,47,283,1000,9.9,35.36,6875.14,155.96
89.93,65.67,100.15,40.53,227,1835,8614,24.69,62.74,12.55,351.01
5.0,25.82,38.65,33.13,49,318,1158,10.34,30.56,3.51,192.35
49.09,71.19,85.75,12.28,160,1628,6878,20.43,51.68,136.8,251.49
6.49,24.63,20.0,5.0,43,510,2017,11.8,30.0,1250.32,186.33
46.25,28.98,58.53,44.85,130,729,3898,16.74,48.6,410.71,253.43
46.54,44.95,64.08,13.98,118,686,4101,18.99,46.06,1577.92,331.6
50.71,22.47,60.04,11.87,130,654,3848,14.46,45.75,3.99,278.05
94.15,72.6,146.05,12.34,205,2224,10344,32.97,69.6,269.92,416.53
98.45,89.69,139.67,13.48,240,2233,10845,33.34,64.21,910.27,408.56
8.93,27.57,23.3,7.18,91,630,3263,10.2,40.05,11.9,197.2
55.66,51.42,79.07,32.68,125,609,4541,30.6,46.63,7766.83,264.47
8.02,10.13,69.88,26.43,72,705,1685,8.41,34.1,1.61,227.97
91.08,54.42,95.21,45.46,255,785,6185,23.33,61.08,1260.02,298.91
44.58,42.78,64.34,21.92,139,1081,4638,15.52,43.03,1148.83,258.37
90.96,66.91,105.01,27.79,231,1637,8553,28.88,67.84,11.96,346.24
86.96,53.01,106.12,42.71,228,2253,9837,23.14,67.55,646.18,297.04
47.39,46.34,65.15,12.85,118,460,2635,16.28,47.87,344.49,253.79
91.52,70.6,125.46,7.89,258,2500,10802,32.09,57.38,708.21,358.82
79.44,38.45,94.5,12.31,174,889,5958,20.17,61.45,1901.36,316.58
12.53,33.83,36.42,61.86,47,629,2445,12.55,33.95,366.34,259.29
56.12,59.21,78.17,18.2,149,783,4948,21.78,54.51,1598.55,287.29
90.84,63.32,117.88,8.61,186,452,4231,24.86,62.35,647.22,362.18
50.84,61.94,74.25,7.84,160,1680,8297,20.02,52.77,3189.61,288.34
8.71,41.27,60.69,35.46,34,103,1000,11.39,30.47,16.06,176.38
50.08,29.37,67.66,9.84,161,1355,5901,19.0,48.32,9.14,283.14
12.28,23.29,30.58,18.41,38,398,1132,11.74,37.45,5.75,186.9
85.43,82.82,102.07,10.93,172,1328,6911,29.49,58.57,42.9,346.78
84.54,70.85,102.69,32.64,210,1310,6931,25.63,55.61,128.21,324.63
90.58,52.5,114.57,16.09,239,2500,11138,26.23,59.63,6.77,311.87
85.88,73.33,124.35,13.96,238,1100,5883,29.87,65.33,11437.53,354.29
93.34,57.62,109.59,14.54,244,2500,10996,24.18,64.57,578.19,353.11
12.87,37.49,79.42,17.73,76,309,2171,13.66,34.17,44.84,200.99
91.07,84.01,107.14,15.5,220,1946,9753,26.49,63.86,42.48,411.74
59.58,53.55,76.36,7.97,176,1776,7472,21.34,48.86,2611.77,275.12
96.33,55.46,100.15,13.78,254,1160,6829,24.68,66.8,1343.0,385.16
5.0,6.2,20.0,63.68,54,137,1000,8.01,31.36,10992.9,305.51
92.87,69.05,128.02,6.06,185,1961,9555,29.39,66.37,13.15,372.69
12.22,26.3,37.65,19.61,47,418,2143,9.47,30.78,1277.13,206.38
9.06,45.99,31.15,16.71,41,349,1598,23.03,33.36,253.62,187.61
6.37,12.12,25.18,20.51,57,696,2746,12.84,35.65,136.22,204.84
58.19,34.22,60.26,8.83,165,1890,8077,17.26,50.15,186.89,284.41
21.59,13.63,27.57,11.57,75,649,3365,12.46,37.88,2.46,174.15
87.49,93.41,112.9,10.81,166,840,6516,28.2,63.82,4.5,352.26
77.2,54.48,100.04,11.34,216,1020,6703,25.07,57.36,98.8,342.5
20.12,32.68,35.53,15.51,81,433,2892,11.39,40.72,35.7,257.86
42.1,65.13,76.83,15.41,125,1421,5748,16.74,37.93,978.22,218.57
21.06,33.19,40.97,13.96,47,165,1627,12.36,38.75,5187.1,248.76
9.01,40.87,30.83,20.56,20,100,1000,11.49,34.58,114.92,180.46
95.43,56.75,106.63,8.52,244,2100,10087,25.58,63.87,1.44,368.69
85.6,48.0,106.82,6.85,219,1033,5813,21.86,61.01,384.73,353.32
90.41,60.82,103.72,8.86,233,2500,10909,25.84,62.55,2.39,347.01
27.65,55.19,48.52,6.51,75,886,4485,14.78,34.51,1171.91,250.57
83.19,55.64,93.42,15.25,191,1215,6716,24.82,60.28,82.67,364.67
5.0,31.96,37.05,27.7,66,931,3899,9.91,32.99,755.82,203.46
5.0,28.08,28.02,11.19,93,350,2141,9.19,32.47,1.15,168.82
46.48,49.53,70.46,7.63,180,929,4043,24.57,48.99,1.06,293.82
86.44,51.09,127.33,5.0,184,1515,8172,22.31,60.72,1.32,340.45
7.07,11.97,37.19,20.83,86,280,1000,14.68,36.18,469.51,162.1
52.25,51.96,66.07,6.73,145,944,5173,17.85,50.01,6828.16,307.67
50.63,46.08,77.74,19.62,84,894,3877,22.93,49.21,6118.8,230.91
96.0,90.45,131.58,17.12,242,1231,7268,33.9,62.49,9.76,380.76
10.45,37.5,66.75,18.11,32,409,1634,9.58,34.42,3.02,224.89
13.7,27.34,33.93,31.59,91,598,2351,12.15,33.13,2336.31,237.46
10.96,19.95,20.0,14.38,77,333,1014,9.74,34.44,10.42,198.67
89.16,58.41,103.64,5.0,208,1338,7517,23.98,62.83,38.2,353.54
42.62,52.36,192.13,10.27,126,690,3956,31.86,44.89,140.86,243.62
6.7,5.0,20.0,30.89,77,496,1721,13.23,32.27,663.63,200.21
55.72,30.02,65.09,31.2,147,980,5356,17.56,47.12,7.0,278.03
36.61,43.09,54.66,5.83,118,1232,4524,14.08,46.51,4.31,230.18
47.55,32.4,72.55,13.55,170,1982,7549,17.7,45.67,206.38,274.92
83.53,51.83,100.0,33.86,235,2500,11445,30.21,60.39,18.83,293.5
5.0,20.69,22.55,19.97,30,186,1000,12.0,32.13,11222.22,191.62
8.43,15.47,26.8,26.86,24,139,1000,9.38,30.0,18.75,198.11
94.53,64.2,105.05,24.03,254,2500,10804,25.73,55.5,11.38,381.3
94.73,65.02,118.86,21.83,241,1758,9714,28.1,68.11,773.48,360.02
5.0,36.32,22.73,14.29,40,238,1000,12.58,31.66,15.55,191.34
5.81,5.0,30.95,5.0,20,152,1000,14.55,30.0,1.96,169.14
84.48,51.14,148.63,5.0,278,2500,10317,23.34,55.99,3.96,322.86
18.37,11.56,53.73,12.86,82,355,1526,16.72,36.54,58.46,198.16
78.02,65.49,108.68,24.75,222,1833,9017,23.34,57.3,8763.13,347.89
71.54,73.66,112.33,30.04,254,2409,10129,35.0,85.42,70.51,377.68
84.78,52.24,131.64,9.0,222,2500,10980,24.53,65.84,3895.37,321.37
43.16,49.02,58.27,19.31,141,1069,5384,24.96,47.81,6079.85,303.15
14.03,27.62,23.61,28.51,95,541,1667,14.89,35.9,469.07,150.0
74.72,27.35,71.85,11.19,191,649,5169,28.79,55.08,2614.5,265.42
15.61,37.36,36.25,7.8,77,232,1538,11.99,35.78,267.15,197.17
95.92,75.93,119.6,20.43,172,911,6543,30.18,61.38,25.35,310.04
15.46,28.92,44.49,9.12,65,764,2351,11.19,30.77,6.55,164.67
36.7,40.04,48.42,7.1,151,1401,5519,16.74,43.31,381.93,287.09
88.94,69.19,111.93,36.56,227,1754,9388,29.79,62.76,92.47,422.43
23.51,31.03,47.65,34.94,97,309,1345,15.11,37.97,7909.17,234.21
13.63,21.47,31.82,56.09,67,419,1905,8.91,36.24,4.1,202.75
8.44,24.34,28.16,21.26,97,775,2479,9.04,30.0,4626.23,214.07
55.89,50.49,81.61,66.74,143,664,4331,20.11,56.91,1940.89,246.12
59.14,71.43,79.4,83.71,172,1018,4750,21.13,56.22,71.66,335.93
17.62,27.93,52.95,9.35,57,275,1832,11.73,39.9,6188.65,225.63
5.0,23.24,20.43,33.86,35,233,1000,9.47,35.92,1397.76,183.12
82.85,53.32,207.83,14.77,226,1703,7882,23.29,65.81,2.64,403.57
43.36,31.91,80.81,23.1,133,804,3948,14.41,43.14,185.98,307.02
92.25,68.94,145.96,25.63,238,882,5819,24.83,60.92,116.56,353.84
37.9,27.21,53.34,17.4,141,1210,5372,14.15,40.96,4.91,245.16
93.7,56.33,100.42,24.4,219,2122,9832,24.75,61.42,5.65,353.55
52.39,50.94,77.25,18.55,160,1008,4704,18.82,51.37,375.87,273.3
84.8,74.61,111.29,58.2,231,2500,10101,23.77,63.61,2.83,360.58
84.83,58.5,97.87,15.7,227,1925,8812,22.74,59.12,1941.84,290.11
20.05,5.57,43.93,13.56,85,571,1511,8.74,41.03,936.22,190.93
58.01,69.95,112.41,16.73,160,1145,6032,19.76,47.31,7.58,274.1
9.54,19.03,20.0,26.28,78,224,1594,22.57,34.71,174.08,169.36
85.34,66.46,119.01,30.75,190,705,5064,23.46,64.14,453.03,325.54
93.69,49.18,108.74,21.31,230,941,6233,24.66,66.21,275.55,320.44
93.57,87.2,129.31,9.01,237,1754,9035,27.41,57.61,12.84,390.88
81.2,48.26,99.52,20.95,181,1908,9471,23.75,61.64,345.96,336.39
13.31,26.58,65.6,13.65,54,150,2149,9.32,32.04,64.47,173.08
5.0,18.55,24.71,33.26,62,507,2190,8.42,34.2,407.09,159.45
91.79,78.01,114.81,13.4,207,1391,8576,35.0,64.03,5462.11,404.29
49.71,21.56,54.42,20.47,135,564,3573,15.94,46.57,221.26,262.02
88.09,65.55,208.11,13.49,201,1902,12184,26.73,58.62,2.15,318.55
11.16,28.73,70.38,47.29,20,152,2056,12.14,36.21,2.54,236.49
89.22,71.12,115.36,17.29,236,2500,10764,24.51,59.02,6.09,344.31
16.86,56.19,58.64,10.08,83,828,2759,24.23,35.42,2313.67,227.49
61.6,46.86,86.58,88.63,177,1652,7697,21.88,52.44,243.13,333.31
17.78,17.35,21.75,16.39,63,636,2954,13.35,38.61,11836.87,255.89
94.21,66.71,125.68,11.82,221,1595,8510,25.91,67.79,342.47,357.58
80.18,57.62,94.48,10.38,216,1265,7604,21.85,63.21,724.12,288.83
56.73,52.25,130.92,50.37,172,728,4080,19.01,51.17,3.27,266.14
33.81,51.8,67.45,8.2,161,1913,7364,21.64,86.46,28.76,248.68
88.94,69.12,99.82,5.33,212,2500,10882,29.93,54.59,62.65,341.3
38.95,40.87,72.26,42.83,147,1360,6240,17.73,81.39,2.38,249.96
51.05,36.48,62.86,15.54,112,1138,5869,16.23,47.62,2.13,296.23
56.97,35.68,70.97,13.28,216,1886,7535,25.35,48.86,1178.67,236.59
43.25,52.06,67.93,11.92,136,1582,6682,18.82,47.34,2677.5,310.52
88.7,58.14,102.51,14.52,233,1862,9521,25.58,63.27,529.88,352.29
88.92,95.0,114.69,17.27,239,1772,9584,35.0,62.86,1.07,381.06
85.05,95.0,123.12,16.63,220,2186,10446,29.65,57.33,170.63,313.22
7.14,25.17,20.34,10.38,23,223,1000,13.34,33.09,522.33,199.93
45.59,45.69,76.58,11.81,170,911,3806,20.46,43.21,38.34,284.54
44.99,43.39,98.58,34.96,144,1738,6714,18.4,49.04,5986.13,252.75
48.58,54.63,88.29,14.09,117,906,5013,17.69,40.77,1.84,240.33
17.67,36.34,32.56,14.97,71,542,2525,13.24,37.41,19.21,204.39
12.22,24.15,21.05,21.71,50,380,2331,12.36,34.87,93.61,176.09
5.58,51.61,46.62,80.98,88,811,2632,10.84,35.92,390.39,234.66
57.63,58.02,70.99,14.63,100,422,3942,20.83,50.73,4.17,288.19
99.09,49.4,111.63,19.7,265,1835,9472,26.73,76.09,4565.11,353.79
5.0,40.58,43.32,7.68,40,381,1000,10.42,30.3,7.0,165.25
11.64,35.89,78.01,73.95,41,296,1238,13.48,32.52,1586.5,262.07
91.8,52.73,155.3,10.67,279,1480,8018,30.84,62.55,948.01,332.27
46.74,39.89,123.04,12.11,157,1211,4960,16.2,48.08,2216.11,277.45
91.15,60.68,97.85,15.54,232,2240,10006,29.46,61.7,38.83,351.92
60.55,55.34,127.11,13.66,172,1643,7427,18.82,53.48,8191.59,269.27
17.28,36.01,36.14,9.75,99,1233,5193,15.69,35.29,7.42,239.34
14.19,34.24,29.34,11.91,52,274,1270,11.43,33.24,5064.29,192.79
49.96,39.65,60.45,25.11,150,1300,6206,18.05,48.47,653.34,263.29
5.39,24.0,46.83,25.79,52,385,1000,7.83,30.0,3704.69,233.79
64.48,57.95,76.45,8.89,124,326,3586,28.06,51.24,49.39,262.48
45.1,39.45,88.43,13.47,122,417,3295,16.38,46.76,977.9,255.8
49.53,64.57,81.86,15.88,174,794,4000,27.4,49.54,4109.43,282.96
9.66,23.43,21.42,9.44,64,466,2354,11.17,31.65,20.49,199.37
92.73,80.12,114.05,26.24,210,2048,9974,25.35,64.83,5.16,388.12
7.49,14.82,20.0,38.54,32,206,1624,7.63,35.03,33.84,165.27
76.17,57.3,91.06,17.39,207,1899,9150,26.3,60.82,854.15,331.06
79.18,53.95,103.38,10.94,180,1314,6526,23.45,56.95,1.25,327.88
44.33,53.15,67.69,34.34,109,843,4833,20.42,45.25,56.18,235.98
93.92,74.02,119.11,19.26,228,1601,9141,25.38,67.66,2.19,332.08
5.0,5.0,20.0,44.51,27,292,1000,6.46,30.83,294.38,182.61
74.71,25.35,86.8,12.97,127,270,4370,22.0,57.95,626.15,332.18
14.73,41.53,35.71,20.01,47,100,1000,11.95,36.76,2.89,169.28
93.58,76.96,126.22,12.17,265,1432,7811,26.45,67.13,41.93,345.69
58.99,39.8,64.05,20.65,145,495,3285,21.21,50.03,4338.29,268.85
79.0,47.11,82.79,36.48,199,1708,8329,21.07,59.87,3425.6,303.28
15.14,52.55,33.55,11.92,69,339,1662,13.24,40.4,102.38,262.19
44.23,95.76,69.22,41.15,150,819,5151,24.97,44.42,6.14,261.83
18.77,28.93,28.43,29.99,104,1219,3795,25.18,40.17,23.96,210.86
95.86,51.71,103.98,12.73,235,2500,11897,32.2,65.19,11191.9,342.83
83.61,47.55,122.0,9.97,219,1862,8500,22.95,61.22,3.15,318.47
92.96,55.51,110.78,6.66,215,1986,9271,23.9,69.07,47.92,430.38
98.37,95.0,133.94,31.75,212,2482,11118,27.96,63.82,3896.25,371.33
93.83,95.0,143.43,15.97,238,1661,7980,28.08,64.35,99.6,358.03
16.35,34.56,42.29,13.67,63,735,2594,11.02,36.42,8453.09,150.0
81.01,31.45,79.72,31.25,214,1083,6709,28.96,57.25,1.46,279.55
97.79,78.27,133.13,31.78,235,2045,10679,29.09,68.54,22.94,390.25
50.44,39.99,56.46,18.08,117,1067,4549,20.79,50.56,519.66,283.18
45.81,56.08,77.28,9.8,146,459,2656,23.04,53.49,1.19,243.01
8.97,30.66,24.92,12.49,27,162,1000,8.97,35.18,12433.34,197.3
10.04,5.15,24.48,9.51,20,100,1000,7.79,35.43,2.73,150.0
77.34,55.13,116.21,12.44,191,2184,8264,28.88,55.47,31.78,301.96
47.74,63.93,85.29,6.84,163,839,3393,23.77,43.63,1.15,333.17
8.13,50.01,34.29,23.99,96,432,1411,15.9,34.79,20.32,227.35
51.64,46.28,64.3,7.17,161,1735,7457,31.36,48.05,942.66,217.33
51.83,32.83,55.56,15.54,193,1935,8674,17.81,48.23,161.94,297.09
84.68,63.13,116.65,9.35,232,2500,11055,27.85,58.56,868.41,368.42
72.75,46.59,87.45,13.52,191,668,5260,22.45,55.58,5.01,318.98
13.72,5.0,20.0,7.45,28,437,2365,20.43,36.93,38.16,188.82
98.7,67.84,107.87,44.64,255,2423,11246,27.64,67.5,297.9,382.8
53.4,54.75,78.39,9.47,108,914,4633,19.03,54.02,750.24,251.36
5.0,24.6,20.0,5.0,41,262,1000,7.74,30.71,2063.1,181.63
47.58,47.17,70.42,12.54,116,776,4162,29.08,48.23,74.31,221.24
5.0,24.65,34.64,18.85,24,100,1000,13.46,33.64,4.23,160.5
43.11,34.87,62.04,25.96,164,1385,6299,15.51,43.65,3.91,291.07
11.67,42.67,27.98,19.22,38,134,1267,10.35,30.58,3539.97,195.33
15.58,37.2,29.71,8.37,101,890,3390,21.39,32.82,16.88,183.24
6.89,35.58,40.89,15.4,34,110,1000,9.48,32.43,391.94,209.61
22.49,14.23,24.73,7.52,98,574,1596,10.72,41.77,5008.33,196.29
20.8,45.25,49.84,13.9,49,525,2126,13.16,37.33,28.76,167.53
43.4,42.7,62.7,21.01,88,386,3282,23.14,41.7,2177.45,261.3
59.52,78.49,87.29,21.35,130,529,4010,20.56,56.32,695.17,297.73
98.45,87.18,125.0,5.56,229,2500,10840,29.71,65.82,6.95,385.09
46.45,23.47,47.59,12.52,133,1532,6490,15.88,49.44,63.28,295.9
51.88,47.71,77.84,12.19,108,435,3151,17.8,49.05,2088.76,285.74
15.48,8.74,28.35,7.27,76,740,2664,15.86,30.39,13049.39,200.58
5.0,53.01,65.69,17.34,56,336,1341,14.14,37.03,46.27,194.0
48.3,28.94,81.01,10.75,108,1194,5890,16.26,51.19,368.72,266.55
21.74,21.78,62.04,75.29,65,845,3730,10.9,41.49,13.14,215.5
9.75,20.19,32.31,28.13,66,827,3030,9.01,34.48,9.34,172.96
49.1,61.33,74.52,6.49,189,1297,6193,17.63,48.39,13054.26,240.99
95.89,91.53,126.21,38.13,218,1171,7325,30.44,66.78,100.52,396.73
53.62,64.92,69.08,23.56,154,1057,4655,20.51,49.88,2.12,285.26
41.29,23.34,54.85,9.53,109,676,4411,13.94,46.82,95.14,255.82
56.31,54.07,68.57,38.45,127,1341,5777,23.77,51.93,128.12,315.84
5.0,22.32,20.0,23.56,22,235,1270,9.56,33.07,2.09,191.27
52.27,46.08,67.76,45.65,139,1471,6968,17.7,45.05,194.5,292.42
92.58,37.68,108.5,15.56,220,1767,8964,22.44,62.12,1.09,381.77
92.96,63.32,108.32,30.47,231,1281,7421,24.28,61.77,1.06,352.39
78.64,63.51,93.72,7.4,180,1763,9072,23.54,55.0,17.67,329.44
98.02,58.74,144.47,10.54,211,1240,7185,26.78,68.16,448.89,387.09
91.44,67.21,103.54,9.15,252,2163,9504,26.1,63.64,146.58,336.78
6.75,30.56,42.22,13.97,26,164,1000,13.36,34.53,2098.79,178.89
48.85,33.51,68.97,50.9,136,1409,6518,15.97,47.24,65.33,267.53
25.86,24.87,73.59,14.44,116,403,2739,11.95,42.06,7.57,232.53
42.0,29.56,48.62,16.04,143,1413,6011,13.85,49.13,6.12,233.65
48.84,36.74,63.63,21.59,147,623,4703,16.99,45.69,5685.2,270.1
5.0,5.0,20.0,9.1,62,414,1654,6.22,31.95,4.45,177.34
44.33,26.98,54.56,5.31,119,349,2350,14.57,44.72,3534.78,218.88
76.52,51.12,138.0,33.11,179,1012,6786,22.45,57.54,1.31,296.01
98.82,47.65,113.46,20.56,246,2500,10680,26.28,66.61,210.83,422.53
83.85,66.63,95.93,5.0,261,2500,11626,27.7,67.4,212.33,317.16
98.61,83.58,121.73,15.52,243,2500,10837,31.45,72.92,57.6,419.48
75.22,41.0,87.96,32.43,148,672,5343,20.26,55.96,104.0,279.88
95.42,37.42,23.22,11.41,44,178,1000,11.32,44.13,709.83,292.4
5.0,5.0,20.0,5.66,28,100,1000,12.31,32.66,1155.55,208.37
14.69,13.18,22.38,32.52,45,245,1260,10.89,39.36,3.4,182.88
91.67,71.61,106.27,5.0,217,1418,8136,25.89,67.1,6034.4,396.74
14.35,49.52,57.37,24.24,63,246,1185,14.45,31.69,49.35,247.15
91.8,76.93,110.88,14.04,200,662,4894,26.55,65.09,12891.54,400.03
79.91,63.67,93.66,16.27,188,908,5786,34.15,60.42,2.0,317.64
18.91,10.87,34.73,19.26,58,461,2749,9.45,37.51,49.86,182.39
98.54,61.12,112.13,7.24,222,2317,10996,26.4,69.43,173.25,362.95
90.25,65.12,126.73,56.98,196,1741,9185,29.63,64.23,1.27,406.41
20.84,24.76,50.04,20.22,91,768,3170,12.64,34.22,1295.81,226.85
22.01,46.48,40.21,49.22,98,381,2116,13.47,40.64,99.36,224.02
12.26,30.24,26.85,27.54,88,434,1753,11.47,34.23,9073.36,226.91
82.37,66.39,126.61,14.55,219,1384,7323,22.7,54.2,13.86,293.41
78.93,57.5,89.93,15.6,204,879,6047,25.54,55.5,6099.95,308.81
16.8,35.17,34.77,7.88,77,533,2629,11.38,33.15,30.1,220.17
14.44,24.47,24.93,11.96,87,323,2229,14.59,31.36,140.46,227.35
52.21,37.35,62.1,8.95,131,334,3038,16.33,51.01,43.46,304.02
46.46,34.87,61.9,16.96,125,486,2771,18.52,41.23,181.26,230.84
7.41,45.34,25.3,25.94,71,100,1000,10.28,36.35,10814.76,179.58
39.75,40.79,49.07,27.06,108,1063,4595,20.99,43.54,2862.47,212.76
12.88,14.29,22.34,22.04,69,810,3348,8.16,34.1,11.92,189.48
57.41,66.41,83.62,37.33,107,1313,6288,19.58,51.95,3523.18,314.96
54.0,34.61,77.08,11.21,142,759,4340,20.3,50.11,3.73,301.65
5.0,31.89,34.79,29.63,28,305,1214,11.49,30.21,3172.15,217.31
17.26,48.98,72.13,11.66,61,633,2556,13.48,36.48,2.77,199.65
90.93,57.62,135.18,35.25,232,1193,7202,24.39,63.4,3.93,344.75
48.58,25.77,68.29,25.44,119,476,3455,19.3,52.86,5275.49,291.01
81.82,38.55,87.25,5.0,185,1191,7073,22.23,61.3,882.39,306.42
18.46,42.16,35.56,9.58,86,330,2063,11.82,43.7,73.67,220.9
13.78,32.56,76.73,18.75,20,117,1007,10.01,30.0,5371.47,153.61
56.61,29.01,77.53,7.76,181,1067,5397,17.14,53.42,1.01,240.84
74.75,41.55,81.19,21.61,182,1165,6937,24.88,56.61,184.85,272.59
45.24,52.42,60.55,7.58,169,745,4527,16.89,44.99,2.77,287.74
84.09,95.0,107.23,18.36,211,2025,9271,35.0,64.35,6.76,364.88
89.66,76.27,112.56,11.18,191,2043,9217,27.39,65.44,57.36,353.46
9.45,50.02,28.36,10.77,55,308,1284,14.99,32.64,617.07,256.51
47.66,72.89,96.7,17.45,137,876,4580,18.89,44.59,116.89,255.64
48.63,5.0,48.22,21.33,123,627,4096,15.5,52.47,2.26,294.7
85.27,65.69,95.64,41.34,221,1756,8700,25.69,62.97,87.27,324.09
82.44,57.66,101.51,16.15,189,1033,6426,23.28,60.07,3029.04,278.39
46.19,37.76,57.07,7.85,165,629,4803,18.48,44.81,23.46,252.09
12.78,48.5,35.64,11.24,55,221,1098,17.18,31.36,1.27,159.41
84.88,57.57,94.01,8.06,193,782,6475,22.38,61.16,17.64,359.03
83.5,70.92,96.85,12.16,159,828,5432,24.32,61.33,993.88,395.49
49.27,49.58,80.14,10.01,167,1224,6621,19.68,50.89,3384.58,265.71
21.21,38.5,43.1,19.56,72,425,2789,11.29,41.54,4.71,257.1
92.55,36.71,103.5,9.9,225,1489,8286,22.07,65.93,35.44,339.9
98.22,57.41,111.83,17.51,236,997,6438,27.01,67.27,64.4,349.53
47.17,65.61,79.23,10.14,149,1423,5654,19.05,49.48,12.35,280.32
95.05,62.94,118.9,11.2,245,1260,7724,24.7,68.28,1344.07,380.23
92.7,63.46,126.38,12.62,251,1597,7748,28.41,63.12,7826.99,335.25
5.0,5.0,23.25,13.67,29,229,1000,7.25,32.06,610.72,212.66
96.84,95.0,121.59,28.61,244,2401,11782,30.17,65.51,3.03,383.01
94.99,64.59,108.24,29.77,238,1743,8770,26.22,68.15,195.22,385.51
42.68,41.16,89.25,28.7,163,520,4396,20.96,85.74,3.84,257.09
35.33,55.41,52.68,24.72,142,1129,4378,16.24,42.95,1.15,195.79
7.44,5.0,56.65,18.02,45,330,1464,12.01,34.39,943.34,179.04
24.33,40.78,46.28,7.12,99,628,2970,14.2,34.07,232.66,260.1
93.53,44.99,110.44,21.38,259,989,6717,24.92,61.47,7636.31,375.63
86.68,78.57,131.72,11.14,205,882,5742,29.39,67.43,143.49,373.73
5.09,26.76,28.59,54.39,73,759,3119,9.63,30.0,9731.29,201.59
10.99,34.48,26.98,32.64,47,100,1000,9.54,33.84,12.26,225.16
46.82,41.91,80.99,9.89,137,982,5249,15.7,42.09,604.85,270.08
98.12,95.0,124.89,11.69,244,1473,8892,30.73,66.01,36.3,364.06
82.14,52.07,103.96,10.18,206,1961,8943,26.64,58.62,823.87,299.49
9.64,17.18,24.01,35.15,46,476,2429,9.87,35.44,45.51,201.7
69.83,54.25,88.07,15.18,169,927,6084,22.92,55.92,42.03,281.0
48.52,47.64,71.5,9.42,152,1692,7282,17.37,49.6,30.2,293.98
62.58,49.87,100.59,14.27,129,1113,5169,19.09,51.3,1.96,309.8
51.18,15.49,48.1,8.39,127,162,3592,16.6,41.91,3.58,226.6
10.3,22.48,41.54,15.54,60,643,1784,18.86,30.0,7724.07,255.81
45.93,49.74,60.11,7.49,125,1359,6534,18.52,48.31,519.68,316.17
7.65,10.2,21.7,15.01,20,192,1000,9.06,32.4,3.23,178.77
75.04,57.08,86.46,33.15,233,2500,11018,26.1,54.57,1.37,284.49
57.56,50.72,110.57,32.47,138,1077,5984,21.8,53.11,13.74,249.66
22.29,12.59,23.18,8.42,50,478,3021,14.28,34.07,475.94,210.65
12.68,27.42,61.91,9.58,51,597,1491,10.66,33.27,19.51,211.95
53.85,55.08,89.33,6.99,160,1894,8213,19.12,55.19,28.55,250.99
40.04,36.2,69.21,25.76,149,602,3856,16.99,46.36,9.66,231.61
95.5,61.82,106.83,23.75,272,2169,10514,29.21,67.68,228.02,338.82
8.07,28.32,69.52,10.6,48,505,1437,10.62,34.47,1580.8,184.11
5.29,5.0,37.77,27.42,30,108,1000,11.33,32.92,16.45,181.6
53.15,81.26,79.14,15.8,143,927,5009,21.7,52.15,157.72,325.78
53.9,35.32,58.83,24.38,147,1653,6782,18.89,53.16,27.76,237.88
10.51,20.39,30.36,7.83,30,100,1000,17.89,34.79,3.49,222.67
10.68,47.28,61.37,19.54,81,672,2509,11.78,41.07,14763.29,205.95
96.16,86.05,120.3,20.91,248,1090,7029,28.42,69.21,8.28,318.71
61.72,43.35,89.76,9.55,159,688,3809,25.06,52.88,271.15,289.61
87.55,71.31,106.82,21.6,216,2259,10423,25.25,59.14,1.61,329.19
97.63,74.38,115.58,18.24,298,2500,10680,25.78,63.81,10494.18,406.88
80.71,68.46,98.63,17.68,243,1594,7047,26.01,58.96,1.54,372.28
20.3,46.97,37.05,10.53,74,825,3245,17.27,41.69,130.43,251.62
81.5,57.66,108.35,22.07,193,1755,9335,22.21,58.89,5751.04,350.73
53.08,76.69,76.66,9.11,118,1038,6219,22.86,48.76,15.85,230.95
49.84,52.44,76.68,12.36,139,1148,5993,18.45,46.49,1.05,275.1
82.87,63.82,100.29,8.0,204,2261,9566,27.66,62.9,1620.94,363.88
50.42,38.89,60.16,16.4,159,1820,7409,21.69,43.22,7.58,295.69
12.31,15.06,59.9,5.0,55,492,2612,8.94,30.0,212.75,195.42
88.38,58.51,97.14,37.37,260,2500,11225,24.08,64.1,1.31,383.17
17.44,44.21,33.75,5.38,106,1135,4091,17.31,31.13,11.61,193.69
45.99,43.82,76.4,18.38,138,343,2906,17.9,46.88,6040.72,245.92
96.59,16.83,21.49,15.97,49,350,2461,12.41,43.72,536.0,341.21
96.8,72.26,133.21,48.35,233,2032,9885,25.32,70.06,18.4,355.59
6.03,12.33,20.0,15.66,41,459,1233,9.54,34.71,6966.7,263.89
7.65,5.0,20.0,13.91,36,100,1000,6.75,31.46,10557.17,194.91
8.58,50.08,46.22,17.42,35,100,1213,14.1,30.0,1138.75,196.98
32.69,15.98,40.89,15.06,98,894,3361,11.54,37.69,1.63,254.52
75.57,60.58,84.95,10.7,205,1934,9396,21.68,57.77,155.43,325.31
87.82,59.2,97.35,5.48,218,1201,7131,24.72,57.64,885.49,373.44
57.01,50.95,70.98,27.75,159,1916,8097,17.68,51.52,19.92,286.01
96.79,49.6,109.48,11.32,244,2500,11003,23.58,69.5,89.42,348.99
6.8,12.94,20.0,9.39,41,221,1032,12.6,31.78,109.45,159.95
14.78,20.67,62.46,26.35,33,156,1294,10.73,32.37,33.5,219.04
97.87,59.97,159.56,7.06,214,1217,7452,26.14,67.98,186.3,407.04
44.99,18.08,49.99,20.26,121,516,3067,15.42,44.37,6229.0,291.36
12.63,11.47,61.93,15.4,24,155,1240,8.47,30.73,1410.48,182.73
42.73,46.32,69.44,5.0,106,931,4237,18.15,50.41,371.37,234.26
23.58,27.17,34.85,5.34,107,1177,4507,17.14,38.37,2.67,240.42
58.54,70.46,82.35,12.13,143,1678,7331,22.32,50.85,125.76,288.39
94.57,55.26,115.93,51.91,231,2493,10956,28.65,72.59,36.36,354.72
50.22,55.6,64.39,16.08,158,1205,6350,17.29,48.4,64.97,283.18
19.04,50.88,69.66,17.0,55,483,1493,13.04,38.39,2608.37,253.88
48.0,41.02,90.01,14.62,127,1114,5882,18.58,48.51,5235.04,315.09
89.91,72.16,118.78,12.35,247,2340,10694,28.03,61.15,2127.49,355.09
5.46,49.25,29.11,26.98,29,211,1288,16.45,34.43,17.77,183.79
47.69,44.4,57.95,7.81,148,1516,6677,17.5,51.06,7119.22,270.03
18.7,5.0,23.77,21.0,65,707,3039,8.94,36.36,127.08,201.58
99.28,87.31,129.21,7.4,247,1172,7147,27.22,63.2,35.61,366.4
89.99,72.52,113.02,11.7,242,1089,5943,25.12,64.03,9102.1,325.51
78.78,66.17,95.82,13.26,208,1284,7667,22.85,58.61,4620.28,305.43
47.09,60.78,79.06,48.09,102,1071,3882,18.79,48.01,2.24,249.74
70.81,38.5,105.76,17.46,148,425,5006,19.84,60.2,41.27,321.34
